Date,Open,High,Low,Close,Volume,Dividends,Stock Splits
2019-04-17 00:00:00-04:00,70.26176045709636,70.44766698448151,66.58089631417711,67.20367431640625,1587300,0.0,0.0
2019-04-18 00:00:00-04:00,67.20367284409703,67.64983431682901,66.25556730422625,67.34309387207031,1431900,0.0,0.0
2019-04-22 00:00:00-04:00,67.32450420980716,67.82644116628295,65.57702550666102,66.05107116699219,1270400,0.0,0.0
2019-04-23 00:00:00-04:00,66.1812145977745,68.77455248025683,65.9116625089532,68.2540283203125,1908800,0.0,0.0
2019-04-24 00:00:00-04:00,68.42133119805693,69.39732095444322,68.17035916167927,68.86749267578125,1207700,0.0,0.0
2019-04-25 00:00:00-04:00,68.62581399963406,68.65369820114003,67.51039629814123,68.52356719970703,1006700,0.0,0.0
2019-04-26 00:00:00-04:00,68.86749648114878,69.57392713345737,68.36556656387631,68.830322265625,815000,0.0,0.0
2019-04-29 00:00:00-04:00,68.81171267038928,69.50884606703639,68.55145067029825,69.25788116455078,719000,0.0,0.0
2019-04-30 00:00:00-04:00,69.52743856108796,69.76910636005513,68.4213179961574,69.4902572631836,1052500,0.0,0.0
2019-05-01 00:00:00-04:00,69.83418272872429,69.94572663980006,67.89150747917903,68.21683502197266,2035500,0.0,0.0
2019-05-02 00:00:00-04:00,70.196687484666,73.21759909041499,69.99220096368921,71.62813568115234,3064500,0.0,0.0
2019-05-03 00:00:00-04:00,72.48330153876556,73.97980835705654,72.1672639775423,73.56153106689453,2090500,0.0,0.0
2019-05-06 00:00:00-04:00,72.62270388299213,73.02239396273306,70.28963599324625,72.7900161743164,1204600,0.0,0.0
2019-05-07 00:00:00-04:00,72.13939000005584,73.48717887424098,71.35859663166234,71.99996185302734,1727900,0.0,0.0
2019-05-08 00:00:00-04:00,72.3531528741707,73.951913371603,71.11690829141453,73.17112731933594,1826600,0.0,0.0
2019-05-09 00:00:00-04:00,72.2509204832122,74.16571159827384,71.73038930400033,73.59870910644531,1774000,0.0,0.0
2019-05-10 00:00:00-04:00,73.33846390675538,73.90546652881102,70.7637129000548,72.00926208496094,1336100,0.0,0.0
2019-05-13 00:00:00-04:00,70.68003783258757,70.89382145341963,69.40660483951413,70.34541320800781,1087000,0.0,0.0
2019-05-14 00:00:00-04:00,70.58709952802558,73.3663366891164,70.15022802582008,71.28423309326172,1605100,0.0,0.0
2019-05-15 00:00:00-04:00,70.91242490637784,72.46470722814958,69.88066669451538,72.37175750732422,1333300,0.0,0.0
2019-05-16 00:00:00-04:00,72.35315877814294,73.19901749539522,71.90699730947186,72.12078094482422,1382000,0.0,0.0
2019-05-17 00:00:00-04:00,71.7937619352068,73.6530798351938,71.41069115215168,72.62532043457031,1199600,0.4,0.0
2019-05-20 00:00:00-04:00,72.01801793542585,74.4379245037174,71.98998923052028,74.02682495117188,1605900,0.0,0.0
2019-05-21 00:00:00-04:00,74.54069615411939,75.92350490599033,74.25105671845608,75.27881622314453,1910900,0.0,0.0
2019-05-22 00:00:00-04:00,75.18538149755182,76.68965027180691,74.89574207475304,76.42803955078125,1672000,0.0,0.0
2019-05-23 00:00:00-04:00,75.83007364921887,76.30657585805405,74.69953035093863,75.15735626220703,1187400,0.0,0.0
2019-05-24 00:00:00-04:00,75.15736265431362,75.9515401982746,74.69019855452967,75.38159942626953,809300,0.0,0.0
2019-05-28 00:00:00-04:00,75.27881983828284,76.32526994747587,75.27881983828284,75.57780456542969,1900300,0.0,0.0
2019-05-29 00:00:00-04:00,75.24143280102825,75.28815205243409,73.05510869968835,73.20459747314453,2047000,0.0,0.0
2019-05-30 00:00:00-04:00,73.20459577648782,73.74650771546514,72.3730444449067,73.17656707763672,802800,0.0,0.0
2019-05-31 00:00:00-04:00,72.4571485886517,73.20460680795996,72.00866795438046,72.74678802490234,841900,0.0,0.0
2019-06-03 00:00:00-04:00,72.98970389208266,75.74596856392647,72.98970389208266,75.0919418334961,1357500,0.0,0.0
2019-06-04 00:00:00-04:00,75.9515237738871,77.43710186833421,75.68056779920317,76.81110382080078,1891500,0.0,0.0
2019-06-05 00:00:00-04:00,77.4184314136162,77.72676141525373,75.69926390344543,76.28789520263672,1145400,0.0,0.0
2019-06-06 00:00:00-04:00,76.19444677160642,77.04468149487256,76.18510149621592,76.38130950927734,1412900,0.0,0.0
2019-06-07 00:00:00-04:00,76.92322494068428,78.1752210226323,76.5775210190154,77.9977035522461,1232200,0.0,0.0
2019-06-10 00:00:00-04:00,78.13786176394468,79.86637456947452,78.09114963277463,79.20299530029297,1418000,0.0,0.0
2019-06-11 00:00:00-04:00,79.41789890872283,79.67016439230804,78.90401553502882,79.15628814697266,1253900,0.0,0.0
2019-06-12 00:00:00-04:00,79.10955427057094,79.80096215988226,78.73582162495676,79.7729263305664,1136000,0.0,0.0
2019-06-13 00:00:00-04:00,79.97849674518007,80.98757296561843,79.70754069737575,80.76333618164062,1022700,0.0,0.0
2019-06-14 00:00:00-04:00,81.0062428910423,81.27719889368042,79.26839206609276,79.46460723876953,1003800,0.0,0.0
2019-06-17 00:00:00-04:00,79.84766421541454,79.98781483088949,78.84793361328254,79.73554229736328,1058800,0.0,0.0
2019-06-18 00:00:00-04:00,80.29615903036121,81.37997591739195,79.54869370055142,79.83833312988281,915500,0.0,0.0
2019-06-19 00:00:00-04:00,80.10927948989669,81.09032672612545,79.9130714683223,80.40826416015625,1377300,0.0,0.0
2019-06-20 00:00:00-04:00,81.25851472560372,81.25851472560372,78.81991785250628,79.94110870361328,1880400,0.0,0.0
2019-06-21 00:00:00-04:00,79.77292542218851,79.87570207677102,78.71713730408123,78.91334533691406,2403100,0.0,0.0
2019-06-24 00:00:00-04:00,79.04414828914435,79.54868627038643,77.44644824605622,78.03507232666016,2042900,0.0,0.0
2019-06-25 00:00:00-04:00,78.36209978160645,79.55803860095605,77.66135371136025,78.74517059326172,1699400,0.0,0.0
2019-06-26 00:00:00-04:00,78.81058192341582,79.26840074361124,77.7828223332725,78.27801513671875,1067600,0.0,0.0
2019-06-27 00:00:00-04:00,78.84793557553729,80.84739682956103,78.39011687339152,80.00650024414062,1137500,0.0,0.0
2019-06-28 00:00:00-04:00,80.19339444770502,80.59515587552684,79.47395771194188,79.66082763671875,1565400,0.0,0.0
2019-07-01 00:00:00-04:00,80.14667136650729,80.26813859391567,79.09088307315744,79.96914672851562,1193700,0.0,0.0
2019-07-02 00:00:00-04:00,79.9691392258382,80.39893642784813,78.96940843686606,79.8476791381836,1043700,0.0,0.0
2019-07-03 00:00:00-04:00,80.45501240589122,82.94966731569944,80.42698369675891,81.83781433105469,1066500,0.0,0.0
2019-07-05 00:00:00-04:00,81.66028144708282,83.02439968585904,80.89413265192474,82.1928482055664,710400,0.0,0.0
2019-07-08 00:00:00-04:00,81.86582657120375,82.27692606724646,80.856750563144,82.0620346069336,968700,0.0,0.0
2019-07-09 00:00:00-04:00,81.67895754919745,82.92161558367978,81.44537553346878,82.4357681274414,1121500,0.0,0.0
2019-07-10 00:00:00-04:00,82.99637334603379,83.87463698166265,82.31431064303904,83.43550872802734,1542400,0.0,0.0
2019-07-11 00:00:00-04:00,85.73395116207512,88.01370695085721,83.89332360635382,84.58472442626953,2191200,0.0,0.0
2019-07-12 00:00:00-04:00,84.46326995344646,85.30416675162917,83.03374896071504,83.94938659667969,1495000,0.0,0.0
2019-07-15 00:00:00-04:00,84.09887210238088,84.46325948169024,83.11782477140493,84.02412414550781,810000,0.0,0.0
2019-07-16 00:00:00-04:00,83.96806512004304,83.99609382123964,82.93096040562449,83.15519714355469,942800,0.0,0.0
2019-07-17 00:00:00-04:00,82.58526077577763,82.70672086343224,79.06284695021641,79.8476791381836,2198400,0.0,0.0
2019-07-18 00:00:00-04:00,79.8663779351355,81.28655366732833,78.9974524211435,81.06231689453125,1189500,0.0,0.0
2019-07-19 00:00:00-04:00,80.95018228987485,80.95018228987485,79.50197095015214,79.90373229980469,928300,0.0,0.0
2019-07-22 00:00:00-04:00,80.21206543688652,80.52039541868413,79.35248530129104,79.46460723876953,840300,0.0,0.0
2019-07-23 00:00:00-04:00,79.67014464670413,80.50170311668445,79.20298065125918,80.1746826171875,812500,0.0,0.0
2019-07-24 00:00:00-04:00,80.36157060438411,81.32392751136096,79.9784926201693,81.18377685546875,757400,0.0,0.0
2019-07-25 00:00:00-04:00,81.50142568871117,81.86581299870602,79.92240925982937,80.28679656982422,595900,0.0,0.0
2019-07-26 00:00:00-04:00,80.59513793461286,80.99689927300044,79.96913273641093,80.4643325805664,723400,0.0,0.0
2019-07-29 00:00:00-04:00,80.4549844031772,81.52946302554868,80.44563912726596,81.50143432617188,803000,0.0,0.0
2019-07-30 00:00:00-04:00,80.81937580683942,83.1645411932438,79.86636433842672,82.89358520507812,1414300,0.0,0.0
2019-07-31 00:00:00-04:00,82.89358386825356,82.90292914448297,79.91307517485492,81.42668914794922,1503100,0.0,0.0
2019-08-01 00:00:00-04:00,84.91173061763182,88.52758273733366,84.63143647964674,85.6778793334961,3230300,0.0,0.0
2019-08-02 00:00:00-04:00,85.91147125494457,86.7897420043162,82.87490474221553,84.50064086914062,1252700,0.0,0.0
2019-08-05 00:00:00-04:00,83.6971295300912,84.89306859505368,82.05270975158822,82.87491607666016,1392200,0.0,0.0
2019-08-06 00:00:00-04:00,83.4355072739611,85.01451701205521,77.22222360405196,78.58634185791016,4485000,0.0,0.0
2019-08-07 00:00:00-04:00,78.27800030642622,80.3895836257147,76.4280348203283,80.2120590209961,1998900,0.0,0.0
2019-08-08 00:00:00-04:00,80.16535310817648,82.58525944373496,79.8663684040079,82.11809539794922,1446000,0.0,0.0
2019-08-09 00:00:00-04:00,82.16481135252509,82.37970281307202,80.85675065121079,81.70698547363281,898800,0.0,0.0
2019-08-12 00:00:00-04:00,81.6322481551866,82.0994122022793,80.86609940308888,81.64158630371094,906700,0.0,0.0
2019-08-13 00:00:00-04:00,81.85649694570807,84.05216686442947,81.2398368912025,83.39813995361328,1411500,0.0,0.0
2019-08-14 00:00:00-04:00,82.6693602137178,82.6693602137178,80.4830285734188,80.66989135742188,1368800,0.0,0.0
2019-08-15 00:00:00-04:00,80.75398597502789,81.17443081037263,79.73556453830369,80.3241958618164,1098500,0.0,0.0
2019-08-16 00:00:00-04:00,80.86862907943187,82.51134641410881,80.10828075743953,81.98567199707031,811800,0.4,0.0
2019-08-19 00:00:00-04:00,82.80234357920021,83.51575428839678,82.25789837582181,82.37054443359375,904000,0.0,0.0
2019-08-20 00:00:00-04:00,82.6427504223688,83.17780655628891,80.93432494549427,81.0094223022461,1017800,0.0,0.0
2019-08-21 00:00:00-04:00,81.14085192451972,82.21096436155035,80.94372670313821,81.02820587158203,1033200,0.0,0.0
2019-08-22 00:00:00-04:00,81.25350514101343,81.77917965238802,80.098913331981,80.30542755126953,1008300,0.0,0.0
2019-08-23 00:00:00-04:00,80.22093417339138,81.1033104287473,78.00561173435132,78.41864013671875,1177000,0.0,0.0
2019-08-26 00:00:00-04:00,79.23530241083527,80.65272767084096,78.94430189249026,80.63395690917969,1183900,0.0,0.0
2019-08-27 00:00:00-04:00,80.6715133455365,81.28165984082554,76.22209042795619,76.29718780517578,1848300,0.0,0.0
2019-08-28 00:00:00-04:00,76.06250245009913,77.00119803933728,75.48051576824604,76.04373168945312,1918000,0.0,0.0
2019-08-29 00:00:00-04:00,76.81347531370376,77.69584445303903,76.15638398850997,76.8885726928711,1179400,0.0,0.0
2019-08-30 00:00:00-04:00,77.25466072289768,77.43300803999128,76.60695838350303,77.22649383544922,1091700,0.0,0.0
2019-09-03 00:00:00-04:00,76.85100247280522,79.31976903742262,76.5600020004782,78.88796997070312,1613400,0.0,0.0
2019-09-04 00:00:00-04:00,79.18835407203453,80.21152874388856,79.1695761512293,79.95808410644531,848400,0.0,0.0
2019-09-05 00:00:00-04:00,81.00005479010481,81.82610444806896,80.53070692864517,80.765380859375,935200,0.0,0.0
2019-09-06 00:00:00-04:00,80.84046961169848,81.30042846158867,80.31479519300186,81.02820587158203,963900,0.0,0.0
2019-09-09 00:00:00-04:00,81.01882872351646,82.20158738594394,80.87803008891343,81.78855895996094,1231500,0.0,0.0
2019-09-10 00:00:00-04:00,81.15963385356282,81.49756489719661,79.06634633727157,80.61518859863281,1895200,0.0,0.0
2019-09-11 00:00:00-04:00,80.7747678017166,83.03702071330001,80.09890575224908,82.40809631347656,1026100,0.0,0.0
2019-09-12 00:00:00-04:00,82.49255064953293,82.8210997747525,79.33853347617546,79.45117950439453,1118900,0.0,0.0
2019-09-13 00:00:00-04:00,79.96747970399147,81.0375921049974,77.8647964233491,78.30598449707031,1262200,0.0,0.0
2019-09-16 00:00:00-04:00,77.61136742314429,78.74718845821988,77.32037402290852,78.6533203125,1120900,0.0,0.0
2019-09-17 00:00:00-04:00,79.01001813523303,79.37610889820301,78.05255163862226,78.0807113647461,1049900,0.0,0.0
2019-09-18 00:00:00-04:00,78.17456915927771,78.17456915927771,76.88856075862591,77.91173553466797,1392700,0.0,0.0
2019-09-19 00:00:00-04:00,78.14641318378891,79.97686684414279,77.77093348990928,79.44181060791016,1315100,0.0,0.0
2019-09-20 00:00:00-04:00,79.74218785154225,81.1596202038575,79.56384055861078,79.90177154541016,2180200,0.0,0.0
2019-09-23 00:00:00-04:00,79.66709105197683,80.03318173042432,78.18395041731962,78.7096176147461,920100,0.0,0.0
2019-09-24 00:00:00-04:00,79.06632953480364,79.91114980267425,77.4611538378206,77.63011932373047,910300,0.0,0.0
2019-09-25 00:00:00-04:00,77.13261754124198,78.9161406553849,77.13261754124198,78.12763977050781,881900,0.0,0.0
2019-09-26 00:00:00-04:00,78.3153726883792,78.72840103617352,75.90292532924029,76.97303771972656,943300,0.0,0.0
2019-09-27 00:00:00-04:00,77.28282146997977,77.31098119612037,75.49929814371401,75.97803497314453,1400300,0.0,0.0
2019-09-30 00:00:00-04:00,76.03435460772607,78.29661476884635,76.03435460772607,77.28282165527344,1141900,0.0,0.0
2019-10-01 00:00:00-04:00,77.42360139533697,79.04754046145196,77.03873283551874,77.0856704711914,1298200,0.0,0.0
2019-10-02 00:00:00-04:00,76.3347323168323,76.76653146969731,75.51806449803648,76.01557922363281,1366400,0.0,0.0
2019-10-03 00:00:00-04:00,75.85599281997216,76.56940351581163,74.8609777274946,76.35350036621094,760500,0.0,0.0
2019-10-04 00:00:00-04:00,76.31595135688966,76.86038933499151,75.3490889210674,76.83222961425781,767300,0.0,0.0
2019-10-07 00:00:00-04:00,76.40044849792163,77.62075586919305,75.79029481228592,76.84163665771484,1212300,0.0,0.0
2019-10-08 00:00:00-04:00,76.27840035198386,76.85100519505716,75.21766982546524,75.25521850585938,1345000,0.0,0.0
2019-10-09 00:00:00-04:00,75.87476173272695,76.20330373729429,75.36786528496083,75.44296264648438,657500,0.0,0.0
2019-10-10 00:00:00-04:00,75.61192706462572,76.56939334469703,74.94544694258494,75.86537170410156,741800,0.0,0.0
2019-10-11 00:00:00-04:00,76.7853135060485,78.05255130801393,76.18454881235111,76.93550109863281,958100,0.0,0.0
2019-10-14 00:00:00-04:00,76.77592162293206,77.11385264549196,76.39105295103003,76.57879638671875,506000,0.0,0.0
2019-10-15 00:00:00-04:00,77.17017293399404,78.4843483513775,76.84163087006814,78.09947967529297,777800,0.0,0.0
2019-10-16 00:00:00-04:00,78.95369312882666,83.25292100273602,78.86920679471844,80.77476501464844,2691700,0.0,0.0
2019-10-17 00:00:00-04:00,80.83110425819632,84.3230541406717,80.83110425819632,84.0132827758789,3243000,0.0,0.0
2019-10-18 00:00:00-04:00,84.02264835406359,84.48260721027152,82.92436901745376,84.1446762084961,1550400,0.0,0.0
2019-10-21 00:00:00-04:00,82.7929435288419,83.54390282338647,79.1977450637,81.34735870361328,2337600,0.0,0.0
2019-10-22 00:00:00-04:00,81.48816324485222,81.76977479125382,80.34295345994843,80.78414154052734,847100,0.0,0.0
2019-10-23 00:00:00-04:00,80.4743817340705,80.75598613384199,79.6107762877379,80.39928436279297,778800,0.0,0.0
2019-10-24 00:00:00-04:00,80.69029037173746,81.000061705551,79.63894849410391,80.70906829833984,732800,0.0,0.0
2019-10-25 00:00:00-04:00,80.64332902288452,81.873017762654,80.0801060272034,81.47876739501953,416400,0.0,0.0
2019-10-28 00:00:00-04:00,81.8542688018394,82.7929645778315,81.47879622078689,82.03262329101562,450400,0.0,0.0
2019-10-29 00:00:00-04:00,82.06075466863659,83.43124916871432,81.78853212824282,83.42186737060547,927500,0.0,0.0
2019-10-30 00:00:00-04:00,82.60521797273876,82.60521797273876,79.62955445320569,80.58702087402344,1382200,0.0,0.0
2019-10-31 00:00:00-04:00,80.21154428866042,80.51192662465158,79.33855700567364,80.14583587646484,957100,0.0,0.0
2019-11-01 00:00:00-04:00,80.65271436225132,82.06075758992334,80.29601265611188,81.54447937011719,1232000,0.0,0.0
2019-11-04 00:00:00-05:00,81.85425271568555,82.35176739500038,80.22092439171459,82.1358642578125,883300,0.0,0.0
2019-11-05 00:00:00-05:00,82.51135660790113,83.33740627718772,78.66270552351568,80.84986114501953,2029600,0.0,0.0
2019-11-06 00:00:00-05:00,81.3285974116481,81.61959079598644,79.39488650107455,79.51691436767578,1454000,0.0,0.0
2019-11-07 00:00:00-05:00,81.04698426008596,82.38931941344799,78.71902290706086,78.925537109375,1941700,0.0,0.0
2019-11-08 00:00:00-05:00,78.50310626224027,80.86862305859788,77.96805008524869,80.79352569580078,983700,0.0,0.0
2019-11-11 00:00:00-05:00,79.63892206694987,79.88298490002724,77.06689842532585,78.88796997070312,1846200,0.0,0.0
2019-11-12 00:00:00-05:00,79.3197837850662,81.18778615532588,78.95369304822334,80.29602813720703,1105700,0.0,0.0
2019-11-13 00:00:00-05:00,79.92054367082062,81.4130734149498,79.53568219475355,80.81230163574219,712000,0.0,0.0
2019-11-14 00:00:00-05:00,81.51633425802578,81.77917507985708,80.53070803245885,80.84986114501953,1002400,0.0,0.0
2019-11-15 00:00:00-05:00,81.1044891425767,82.74543841990463,80.58579476420837,82.33049011230469,1100000,0.4,0.0
2019-11-18 00:00:00-05:00,82.08528638158216,83.17925014014538,82.08528638158216,82.77372741699219,676500,0.0,0.0
2019-11-19 00:00:00-05:00,82.58512628316858,83.1226790631443,82.04757350319287,82.81146240234375,640900,0.0,0.0
2019-11-20 00:00:00-05:00,82.4625300327298,83.32072505883009,81.93440282157249,82.56626892089844,1176200,0.0,0.0
2019-11-21 00:00:00-05:00,82.58512325897404,83.66022877955605,82.05700326853942,83.28299713134766,992800,0.0,0.0
2019-11-22 00:00:00-05:00,84.02800795597268,85.36717315777972,83.62248528837269,85.12197875976562,1194300,0.0,0.0
2019-11-25 00:00:00-05:00,85.36719028930933,85.64068304514223,84.75419697616474,85.48036193847656,890000,0.0,0.0
2019-11-26 00:00:00-05:00,85.55581143331177,85.55581143331177,81.84952439056265,82.84918212890625,1885200,0.0,0.0
2019-11-27 00:00:00-05:00,82.51911033555803,83.50934253762289,81.93440090637458,83.47161865234375,629700,0.0,0.0
2019-11-29 00:00:00-05:00,82.9529188053422,83.69794930197682,82.78316493022172,82.90576934814453,355800,0.0,0.0
2019-12-02 00:00:00-05:00,82.86803851588198,83.5564795330127,81.99097810049368,82.83031463623047,1109600,0.0,0.0
2019-12-03 00:00:00-05:00,82.22675075973147,82.57568407125122,81.61375027842277,82.45308685302734,902100,0.0,0.0
2019-12-04 00:00:00-05:00,82.65113131880148,83.9054233858748,82.57568355647497,83.33014678955078,743000,0.0,0.0
2019-12-05 00:00:00-05:00,83.07551955994255,83.82998285812903,82.26448122777067,82.82089233398438,997200,0.0,0.0
2019-12-06 00:00:00-05:00,83.22641275008121,84.13176436531091,82.88690499498318,83.21697998046875,723000,0.0,0.0
2019-12-09 00:00:00-05:00,83.21698602862207,83.21698602862207,81.36855878046546,81.47229766845703,1076200,0.0,0.0
2019-12-10 00:00:00-05:00,81.4534367726822,82.0947284260535,80.06711458119604,81.82123565673828,1767800,0.0,0.0
2019-12-11 00:00:00-05:00,81.51001056450798,82.08528715849793,81.03847284452242,81.72692108154297,984400,0.0,0.0
2019-12-12 00:00:00-05:00,82.14187656117066,82.8114593186563,81.2270921532369,81.84952545166016,507500,0.0,0.0
2019-12-13 00:00:00-05:00,81.86837789390904,82.62284113546578,79.93507752944882,80.01995086669922,977000,0.0,0.0
2019-12-16 00:00:00-05:00,80.56693599417824,81.72692196370527,80.19913714422704,81.06676483154297,970800,0.0,0.0
2019-12-17 00:00:00-05:00,81.06675698529953,81.18935419171916,78.25639644511105,78.41671752929688,1947200,0.0,0.0
2019-12-18 00:00:00-05:00,77.9640344318492,80.01993890286214,77.86972833952805,78.7939453125,1527600,0.0,0.0
2019-12-19 00:00:00-05:00,78.82225398409477,79.41638897368917,78.37900733681687,79.02973175048828,1444200,0.0,0.0
2019-12-20 00:00:00-05:00,79.70875074837467,80.87816973449502,79.02974232445808,80.79328918457031,1666800,0.0,0.0
2019-12-23 00:00:00-05:00,81.12334673557784,81.20822726720525,80.14255460297984,80.72725677490234,865400,0.0,0.0
2019-12-24 00:00:00-05:00,81.14220442766583,81.38740603465274,80.42546514306238,80.5574951171875,283400,0.0,0.0
2019-12-26 00:00:00-05:00,80.67067735789804,80.79327457996553,80.10483350937093,80.20857238769531,487200,0.0,0.0
2019-12-27 00:00:00-05:00,80.28401628548541,80.62352404769302,80.00109794704251,80.07654571533203,388400,0.0,0.0
2019-12-30 00:00:00-05:00,80.11424874257024,80.37831588655243,78.82224010763954,78.87882232666016,592400,0.0,0.0
2019-12-31 00:00:00-05:00,78.63363173597637,80.18970773290191,78.4827433990833,80.1802749633789,1002000,0.0,0.0
2020-01-02 00:00:00-05:00,80.7649744602752,80.91586997377256,79.53897359593854,80.23685455322266,817600,0.0,0.0
2020-01-03 00:00:00-05:00,79.03914854352803,80.2274255857873,78.52988695398834,79.22776794433594,801500,0.0,0.0
2020-01-06 00:00:00-05:00,78.91655333013233,80.45376371144458,78.28469451036852,80.38774871826172,765000,0.0,0.0
2020-01-07 00:00:00-05:00,79.93508153188777,80.39718651305466,79.39752878376852,79.8124771118164,845300,0.0,0.0
2020-01-08 00:00:00-05:00,79.74646353511281,80.93474070294789,79.71817242077546,80.58580017089844,1182000,0.0,0.0
2020-01-09 00:00:00-05:00,80.74612176056165,81.79293607453717,79.9916585305469,81.72692108154297,795400,0.0,0.0
2020-01-10 00:00:00-05:00,82.08528900146484,82.41536397384661,81.67033349613075,82.08528900146484,965100,0.0,0.0
2020-01-13 00:00:00-05:00,82.01928575136023,82.2833457670765,80.63296347375405,81.24596405029297,1026200,0.0,0.0
2020-01-14 00:00:00-05:00,81.67032292232543,83.91484683411387,81.12333749885649,83.77338409423828,1921800,0.0,0.0
2020-01-15 00:00:00-05:00,83.73566413850311,86.4234275416288,83.63192527074263,86.1688003540039,1434900,0.0,0.0
2020-01-16 00:00:00-05:00,86.66864818912312,86.66864818912312,85.38606481068476,86.25369262695312,1205000,0.0,0.0
2020-01-17 00:00:00-05:00,85.81987498382964,86.3668605292308,85.26346386340447,85.87645721435547,1455500,0.0,0.0
2020-01-21 00:00:00-05:00,85.65010322614904,86.16879754806104,85.0653939173659,86.05562591552734,1205600,0.0,0.0
2020-01-22 00:00:00-05:00,86.35741542077407,87.15902808410631,85.98018381594291,86.79122924804688,1551600,0.0,0.0
2020-01-23 00:00:00-05:00,86.9421230371753,86.9421230371753,85.5086444063734,85.97075653076172,1552900,0.0,0.0
2020-01-24 00:00:00-05:00,86.32911334138404,86.32911334138404,81.17992309566557,83.8582534790039,2306800,0.0,0.0
2020-01-27 00:00:00-05:00,82.93406870797881,83.2264198349969,81.60432868813066,82.53797149658203,1622700,0.0,0.0
2020-01-28 00:00:00-05:00,83.264146246228,84.5938791112995,82.830332330207,84.03746795654297,1144800,0.0,0.0
2020-01-29 00:00:00-05:00,84.39581810707367,85.67840126582473,84.12232536931555,84.74475860595703,1691200,0.0,0.0
2020-01-30 00:00:00-05:00,84.24492964114548,87.10244703443273,81.95325606517642,83.82054138183594,2138300,0.0,0.0
2020-01-31 00:00:00-05:00,84.20721181046933,84.20721181046933,80.41604429138329,80.68953704833984,1217800,0.0,0.0
2020-02-03 00:00:00-05:00,81.04790701066605,81.97211692851646,80.38774987424961,80.82156372070312,1014600,0.0,0.0
2020-02-04 00:00:00-05:00,82.18902213876488,84.06574016077066,82.05699215903147,83.07550811767578,1498600,0.0,0.0
2020-02-05 00:00:00-05:00,84.05633073236324,87.20620716872496,84.05633073236324,86.2348403930664,1608200,0.0,0.0
2020-02-06 00:00:00-05:00,86.87611420609412,88.42275738917097,86.33856148020881,87.21562194824219,1246100,0.0,0.0
2020-02-07 00:00:00-05:00,88.55480248061326,89.32812420403528,86.53662122204616,86.70637512207031,1467200,0.0,0.0
2020-02-10 00:00:00-05:00,86.4800134713637,88.81884368787611,86.15937128096547,88.27185821533203,1371600,0.0,0.0
2020-02-11 00:00:00-05:00,88.96030941319775,89.22436938943075,87.44195735476325,89.1866455078125,1156100,0.0,0.0
2020-02-12 00:00:00-05:00,89.59216871078365,91.94985736106744,88.68681713248606,90.32776641845703,1315100,0.0,0.0
2020-02-13 00:00:00-05:00,89.91097464810711,90.4414278005651,89.43736014967403,89.5320816040039,1155600,0.42,0.0
2020-02-14 00:00:00-05:00,89.19108839688886,89.74047573862671,85.46847804232081,89.38053131103516,1602200,0.0,0.0
2020-02-18 00:00:00-05:00,89.31421137330548,89.88254725220023,88.22489672313394,89.3331527709961,1566000,0.0,0.0
2020-02-19 00:00:00-05:00,89.59839684844542,90.17620717596502,88.88797502544112,90.10990142822266,915800,0.0,0.0
2020-02-20 00:00:00-05:00,89.98676059365906,91.87174439733192,88.99216719112073,91.43601989746094,1808100,0.0,0.0
2020-02-21 00:00:00-05:00,91.07606714592704,92.25062904825924,90.27092396470564,91.88121032714844,1213700,0.0,0.0
2020-02-24 00:00:00-05:00,89.72153869506838,90.97188077879254,89.03953260816714,89.92045593261719,1541700,0.0,0.0
2020-02-25 00:00:00-05:00,90.32777581862719,90.71613602723203,87.88392278260008,88.02600860595703,2239400,0.0,0.0
2020-02-26 00:00:00-05:00,88.85009355032714,89.99623990803978,88.22491886787411,88.76483917236328,1907100,0.0,0.0
2020-02-27 00:00:00-05:00,87.1924382695014,88.03547155868208,81.99214550261495,82.02056121826172,2568100,0.0,0.0
2020-02-28 00:00:00-05:00,79.14101318469683,80.51449281853378,77.17077444953225,79.87037658691406,3827500,0.0,0.0
2020-03-02 00:00:00-05:00,80.06926886229611,83.65926775826239,79.46304286038568,82.56048583984375,4528000,0.0,0.0
2020-03-03 00:00:00-05:00,82.80678602047787,84.25604573430196,79.99351376339051,81.33858489990234,2190400,0.0,0.0
2020-03-04 00:00:00-05:00,84.5875707674674,85.65793716583288,83.34669559660674,85.6105728149414,1411300,0.0,0.0
2020-03-05 00:00:00-05:00,83.35616858952788,85.32640703607244,80.75128832110514,82.38052368164062,1365800,0.0,0.0
2020-03-06 00:00:00-05:00,79.84194553067438,81.67957238526847,78.98943785448203,81.28173065185547,1760100,0.0,0.0
2020-03-09 00:00:00-04:00,75.48469559981241,81.30068218171051,73.46709282305964,78.87577056884766,3673000,0.0,0.0
2020-03-10 00:00:00-04:00,80.8460014060706,81.71745043465714,76.62136053084342,81.52800750732422,2214400,0.0,0.0
2020-03-11 00:00:00-04:00,79.6430188115744,81.57536690568404,78.66737406408414,80.47657775878906,2384900,0.0,0.0
2020-03-12 00:00:00-04:00,76.2140540703047,79.83246901689479,74.91634757524437,76.24246978759766,7108200,0.0,0.0
2020-03-13 00:00:00-04:00,79.28306473623961,85.41163754779845,76.40349492393433,85.2506103515625,2835300,0.0,0.0
2020-03-16 00:00:00-04:00,71.98940717803765,82.80676110115145,71.98940717803765,76.25193786621094,2777400,0.0,0.0
2020-03-17 00:00:00-04:00,78.42109433505438,84.99486628969333,77.86222543464531,84.7770004272461,3792400,0.0,0.0
2020-03-18 00:00:00-04:00,80.41974772242425,85.97051052887811,74.0164773263337,80.48605346679688,3229200,0.0,0.0
2020-03-19 00:00:00-04:00,78.70525299146675,82.16264023632014,76.12879621960036,81.4616928100586,2189100,0.0,0.0
2020-03-20 00:00:00-04:00,82.25738174145629,83.00569369015543,75.13422120887941,76.35614776611328,3203800,0.0,0.0
2020-03-23 00:00:00-04:00,76.05301780719427,76.05301780719427,68.25731990308459,70.02864074707031,2234800,0.0,0.0
2020-03-24 00:00:00-04:00,73.60918336179026,76.36562391862061,72.1409823760889,75.6362533569336,1951800,0.0,0.0
2020-03-25 00:00:00-04:00,75.34259478648016,77.17074702757796,71.14637006866417,71.37370300292969,2284100,0.0,0.0
2020-03-26 00:00:00-04:00,71.86626653190426,80.68496617255266,71.61051065597205,79.71879577636719,3263800,0.0,0.0
2020-03-27 00:00:00-04:00,76.66871710008776,79.62406693673336,75.94882104102479,77.46438598632812,1600500,0.0,0.0
2020-03-30 00:00:00-04:00,79.12204527598524,83.87713938751226,78.08956902963558,83.45088195800781,1770200,0.0,0.0
2020-03-31 00:00:00-04:00,83.5834989737526,85.94210478314791,82.51313262563436,83.82978057861328,2074700,0.0,0.0
2020-04-01 00:00:00-04:00,83.55506712623405,84.02868161435019,79.74720982156512,81.67955780029297,1336300,0.0,0.0
2020-04-02 00:00:00-04:00,80.17347268714533,81.96373515805023,75.77833011841977,79.46305084228516,2570500,0.0,0.0
2020-04-03 00:00:00-04:00,78.87575196616429,80.16398392413753,76.14773517522396,77.04759979248047,1517200,0.0,0.0
2020-04-06 00:00:00-04:00,80.81759852856253,82.24791670553914,78.68633273695826,81.73641204833984,1514800,0.0,0.0
2020-04-07 00:00:00-04:00,84.18026703016707,84.7107131037774,82.04900119282962,82.598388671875,1311100,0.0,0.0
2020-04-08 00:00:00-04:00,82.35210660543356,84.4265335798943,80.666039833938,83.66875457763672,1729500,0.0,0.0
2020-04-09 00:00:00-04:00,83.5266706408316,84.6917657295836,82.08688544530892,83.17619323730469,1348700,0.0,0.0
2020-04-13 00:00:00-04:00,82.93938130018523,82.93938130018523,79.7756394370798,80.94072723388672,2118700,0.0,0.0
2020-04-14 00:00:00-04:00,82.96777185528269,85.15587542229497,82.47521603097353,84.70120239257812,985300,0.0,0.0
2020-04-15 00:00:00-04:00,83.29933577834433,84.97592823461096,81.07334144057596,83.66875457763672,967600,0.0,0.0
2020-04-16 00:00:00-04:00,83.60244558030442,84.54967471645675,81.02598117368451,81.7269287109375,1674000,0.0,0.0
2020-04-17 00:00:00-04:00,84.07603632951256,85.14640234848586,82.67413442538273,84.48334503173828,1669500,0.0,0.0
2020-04-20 00:00:00-04:00,83.34669027737556,85.35481866237821,82.50365691816434,84.89067840576172,1032000,0.0,0.0
2020-04-21 00:00:00-04:00,83.77294782860113,83.9434493636346,79.97455693672417,81.05439758300781,1257800,0.0,0.0
2020-04-22 00:00:00-04:00,82.38998347389676,83.47929106724807,81.64167167966099,81.93531036376953,911000,0.0,0.0
2020-04-23 00:00:00-04:00,82.77835722314023,84.43600828335587,82.29526831923471,82.65522003173828,1036400,0.0,0.0
2020-04-24 00:00:00-04:00,82.81624066523925,84.72964027122391,81.2154211705142,84.01921844482422,1325800,0.0,0.0
2020-04-27 00:00:00-04:00,84.86225123997086,86.5293764723949,84.07605658266385,85.98945617675781,1913100,0.0,0.0
2020-04-28 00:00:00-04:00,87.1450847882841,87.22086485731103,84.53073022113573,84.80542755126953,1457100,0.0,0.0
2020-04-29 00:00:00-04:00,85.28850719669126,86.46306923192722,83.68768773955323,84.62544250488281,1879900,0.0,0.0
2020-04-30 00:00:00-04:00,84.02868643449911,86.22625749634618,83.93396497679907,84.92855834960938,1683700,0.0,0.0
2020-05-01 00:00:00-04:00,83.68769014073138,83.68769014073138,80.61866985818774,81.82164764404297,1120800,0.0,0.0
2020-05-04 00:00:00-04:00,81.43329261240528,82.45630184680587,80.80811789356547,81.85954284667969,1354000,0.0,0.0
2020-05-05 00:00:00-04:00,82.8825522939179,84.7296462828969,81.09228974251207,83.32775115966797,1349600,0.0,0.0
2020-05-06 00:00:00-04:00,83.68768420324345,83.88660143434522,80.70391128314877,80.98808288574219,1362800,0.0,0.0
2020-05-07 00:00:00-04:00,82.03002148667464,85.08957402062153,82.03002148667464,84.05709075927734,1755300,0.0,0.0
2020-05-08 00:00:00-04:00,85.76211399219824,87.52396049934988,82.49416962651463,83.44139862060547,1175300,0.0,0.0
2020-05-11 00:00:00-04:00,84.36970019237842,87.01247039094149,83.84872126860286,85.85684967041016,1264200,0.0,0.0
2020-05-12 00:00:00-04:00,86.63357294162104,87.1356032102063,83.85819137920734,83.90555572509766,1141900,0.0,0.0
2020-05-13 00:00:00-04:00,83.51716939220836,84.30337110435099,79.25463939255016,79.70931243896484,1520700,0.0,0.0
2020-05-14 00:00:00-04:00,78.62949441680357,79.70933507861218,77.2086506800254,79.59566497802734,1488200,0.0,0.0
2020-05-15 00:00:00-04:00,79.35765517971672,81.69954286756011,79.06254146592936,81.63290405273438,1694200,0.42,0.0
2020-05-18 00:00:00-04:00,83.80343588453668,85.67885191635514,83.63207789018051,84.9172592163086,1066800,0.0,0.0
2020-05-19 00:00:00-04:00,84.54598512744558,86.0501267216569,84.25087140490415,85.32661437988281,983700,0.0,0.0
2020-05-20 00:00:00-04:00,85.67885770862955,90.56254998331019,84.74590695115518,88.27778625488281,2352700,0.0,0.0
2020-05-21 00:00:00-04:00,87.74467819197315,88.79186289459732,86.81173459372324,87.82083892822266,1076900,0.0,0.0
2020-05-22 00:00:00-04:00,87.73513984471225,89.19167903231907,87.73513984471225,88.66808319091797,1027100,0.0,0.0
2020-05-26 00:00:00-04:00,90.43878936181012,90.43878936181012,86.2405220746278,86.42140197753906,1024800,0.0,0.0
2020-05-27 00:00:00-04:00,86.59276362758965,88.963209962471,86.39284716687307,88.8489761352539,1166100,0.0,0.0
2020-05-28 00:00:00-04:00,89.82953437736498,91.85726498633036,89.32498220211215,89.86761474609375,1312700,0.0,0.0
2020-05-29 00:00:00-04:00,90.15317997841775,91.00996986393123,89.11551747374654,90.762451171875,1582100,0.0,0.0
2020-06-01 00:00:00-04:00,90.28646015269862,91.26701304352773,90.28646015269862,90.58158111572266,1012600,0.0,0.0
2020-06-02 00:00:00-04:00,90.29600350857667,93.99923391644951,89.78192944060086,93.92308044433594,2078000,0.0,0.0
2020-06-03 00:00:00-04:00,94.32291525322775,95.18922002803886,93.91356037237989,94.71322631835938,1168000,0.0,0.0
2020-06-04 00:00:00-04:00,93.91354728000198,95.18920675782275,93.48514864316043,94.67513275146484,1473400,0.0,0.0
2020-06-05 00:00:00-04:00,94.7893686837042,97.30261440266695,93.78026453894851,94.21817779541016,1474000,0.0,0.0
2020-06-08 00:00:00-04:00,93.28524268717501,98.04517965629633,93.06628965392439,97.38831329345703,1357100,0.0,0.0
2020-06-09 00:00:00-04:00,96.15072315432616,96.7219141164869,94.77034439051376,95.1035385131836,953600,0.0,0.0
2020-06-10 00:00:00-04:00,95.56049065103939,95.75089248501402,92.27613709316573,92.29517364501953,905000,0.0,0.0
2020-06-11 00:00:00-04:00,91.19087779747043,91.19087779747043,88.12547707695278,89.02034759521484,1305200,0.0,0.0
2020-06-12 00:00:00-04:00,90.89576111902565,91.04807532784773,88.17307654488539,90.31504821777344,1545600,0.0,0.0
2020-06-15 00:00:00-04:00,88.9536965887085,91.87629734048039,88.43962256963336,91.5906982421875,1151000,0.0,0.0
2020-06-16 00:00:00-04:00,93.76123614985761,94.74178200095307,91.99053902072096,94.35147094726562,1157300,0.0,0.0
2020-06-17 00:00:00-04:00,94.74177319693771,95.65568739931605,93.88499043472395,95.3415298461914,1166200,0.0,0.0
2020-06-18 00:00:00-04:00,94.89408935984234,95.98887614983637,93.99921902075545,95.43672180175781,856400,0.0,0.0
2020-06-19 00:00:00-04:00,96.85518039998195,98.40692425974741,96.19831413896696,97.24549865722656,1739700,0.0,0.0
2020-06-22 00:00:00-04:00,96.90277425426132,96.96941306518978,95.32247207640668,96.84565734863281,936400,0.0,0.0
2020-06-23 00:00:00-04:00,97.35974368197772,97.86430308154527,96.00792337988166,96.62671661376953,2404400,0.0,0.0
2020-06-24 00:00:00-04:00,95.90319871204655,96.58863073116754,93.29475553980207,94.09442138671875,1394400,0.0,0.0
2020-06-25 00:00:00-04:00,93.80881776897809,96.03646428817625,93.75170086225582,95.8365478515625,985000,0.0,0.0
2020-06-26 00:00:00-04:00,95.6461706375773,96.10312050025978,93.4851552762369,94.41810607910156,2830100,0.0,0.0
2020-06-29 00:00:00-04:00,94.82744782750902,95.78895695603235,93.70410261427877,94.23721313476562,1103100,0.0,0.0
2020-06-30 00:00:00-04:00,93.96114168568953,96.34110988708072,93.83738595392835,95.93175506591797,1036400,0.0,0.0
2020-07-01 00:00:00-04:00,96.10311368143014,96.59815113781328,94.37049711026238,94.67513275146484,1001100,0.0,0.0
2020-07-02 00:00:00-04:00,95.3891277568982,96.74095528822382,94.93217790488734,95.28440856933594,734000,0.0,0.0
2020-07-06 00:00:00-04:00,96.06503517190184,96.58862379221969,95.11304793886626,95.8841552734375,975100,0.0,0.0
2020-07-07 00:00:00-04:00,95.11305288920965,95.60808308039505,93.20907832404245,93.58035278320312,1022100,0.0,0.0
2020-07-08 00:00:00-04:00,93.62795914451429,94.01827746399225,91.29559292455382,92.54269409179688,934600,0.0,0.0
2020-07-09 00:00:00-04:00,92.54268373183803,92.59980064513826,90.21031777298101,91.76205444335938,758400,0.0,0.0
2020-07-10 00:00:00-04:00,91.37175462325317,92.89493302356327,90.89576091921329,92.390380859375,816800,0.0,0.0
2020-07-13 00:00:00-04:00,92.60932964656621,94.08491296661835,92.39989126430464,92.59980773925781,1198500,0.0,0.0
2020-07-14 00:00:00-04:00,92.19996618793583,94.69417546468362,92.19996618793583,94.56089782714844,781500,0.0,0.0
2020-07-15 00:00:00-04:00,95.60808483110178,97.50253752446878,94.25626460822026,97.00750732421875,1087500,0.0,0.0
2020-07-16 00:00:00-04:00,96.9313632183505,98.36886632153389,96.19833606740096,97.80718994140625,955500,0.0,0.0
2020-07-17 00:00:00-04:00,98.34981642199091,100.03483819506705,97.85478616747342,99.4350814819336,2771300,0.0,0.0
2020-07-20 00:00:00-04:00,99.38746006918147,99.83489519248,96.79805385500872,97.2835693359375,739500,0.0,0.0
2020-07-21 00:00:00-04:00,97.35974937451962,99.24468764497406,97.30263245401989,99.14949035644531,1126000,0.0,0.0
2020-07-22 00:00:00-04:00,98.86388603008947,99.29228470057748,97.69294564288069,98.8258056640625,715300,0.0,0.0
2020-07-23 00:00:00-04:00,98.77820679156692,99.89203021772778,98.65444379104667,99.03524017333984,635200,0.0,0.0
2020-07-24 00:00:00-04:00,99.40651372289008,99.84442701636827,98.44501176383633,98.77820587158203,668500,0.0,0.0
2020-07-27 00:00:00-04:00,98.4164561680714,99.35892893662151,97.61679022721532,99.0066909790039,564600,0.0,0.0
2020-07-28 00:00:00-04:00,99.00669124271636,99.52076531881636,97.03607758254348,97.20743560791016,670200,0.0,0.0
2020-07-29 00:00:00-04:00,97.67389003643144,98.83531563923324,96.43631097385668,98.34980010986328,623000,0.0,0.0
2020-07-30 00:00:00-04:00,97.26453399658203,97.56916962106995,96.25542985229447,97.26453399658203,645700,0.0,0.0
2020-07-31 00:00:00-04:00,97.11224025383096,97.12175489875543,93.95164226094155,95.37962341308594,844600,0.0,0.0
2020-08-03 00:00:00-04:00,95.96983196285652,99.8253832151055,95.96983196285652,99.46363067626953,1202400,0.0,0.0
2020-08-04 00:00:00-04:00,99.00668457400505,100.1585883979591,98.03566067105679,99.6730728149414,1123000,0.0,0.0
2020-08-05 00:00:00-04:00,99.0066944067029,101.3390607447026,98.15942616061564,98.53070068359375,1448700,0.0,0.0
2020-08-06 00:00:00-04:00,98.73060192943328,98.82579920673687,96.10311494995115,96.73143005371094,831100,0.0,0.0
2020-08-07 00:00:00-04:00,96.38872626920136,97.29311141291191,95.70329416474858,97.19791412353516,739600,0.0,0.0
2020-08-10 00:00:00-04:00,97.35021692506633,98.75915396901593,96.76950412923598,98.09276580810547,745100,0.0,0.0
2020-08-11 00:00:00-04:00,98.48309535148063,98.91149404684427,96.20784600663542,96.51248168945312,788500,0.0,0.0
2020-08-12 00:00:00-04:00,96.95990249216636,99.10187386060782,96.95990249216636,98.57828521728516,629900,0.0,0.0
2020-08-13 00:00:00-04:00,98.15939808021265,98.15939808021265,96.48389862051305,97.79764556884766,554900,0.0,0.0
2020-08-14 00:00:00-04:00,97.44398020517575,99.65209626347186,97.11897197421304,99.17414855957031,684600,0.42,0.0
2020-08-17 00:00:00-04:00,99.61386187807601,99.68077426645513,98.55281736741911,98.85870361328125,531800,0.0,0.0
2020-08-18 00:00:00-04:00,99.41313306394537,99.79549272661826,97.90281640748462,98.30429077148438,763700,0.0,0.0
2020-08-19 00:00:00-04:00,97.97927165272971,98.4667803146731,97.14764008740305,97.22411346435547,512300,0.0,0.0
2020-08-20 00:00:00-04:00,97.23367479347905,97.69250047096335,94.671875,94.671875,998400,0.0,0.0
2020-08-21 00:00:00-04:00,94.63363072813804,94.65274542445874,92.88434065226082,93.82112121582031,1041200,0.0,0.0
2020-08-24 00:00:00-04:00,94.9299642297086,94.9299642297086,92.02404151030643,93.26670837402344,867400,0.0,0.0
2020-08-25 00:00:00-04:00,93.61084210241339,93.94540405273438,92.74097373867525,93.94540405273438,811200,0.0,0.0
2020-08-26 00:00:00-04:00,93.60127260072045,93.68730697607316,92.06228047618183,93.35274505615234,776000,0.0,0.0
2020-08-27 00:00:00-04:00,93.41009627500975,94.60496548177584,92.08140230051809,93.80200958251953,651100,0.0,0.0
2020-08-28 00:00:00-04:00,93.67774674227601,94.21304581850293,92.95126421532309,93.24759674072266,687600,0.0,0.0
2020-08-31 00:00:00-04:00,92.69315979049411,93.6108183180342,92.6835987963703,92.7505111694336,950000,0.0,0.0
2020-09-01 00:00:00-04:00,93.15201032060622,93.43878187780186,89.06077888964992,90.14094543457031,1055600,0.0,0.0
2020-09-02 00:00:00-04:00,90.18872599273207,94.43290373593452,90.18872599273207,93.9549560546875,1688200,0.0,0.0
2020-09-03 00:00:00-04:00,94.4137862107679,95.67556785723069,92.42552930533482,93.27627563476562,1312800,0.0,0.0
2020-09-04 00:00:00-04:00,93.19980780401775,93.35275457895655,91.278455878045,92.3395004272461,731200,0.0,0.0
2020-09-08 00:00:00-04:00,92.25346356053433,92.45420071169299,90.71447144208169,91.15418243408203,997400,0.0,0.0
2020-09-09 00:00:00-04:00,91.60346141752514,92.57847155374388,90.63800498477963,91.95713806152344,801800,0.0,0.0
2020-09-10 00:00:00-04:00,92.15788183930361,92.50199748438014,90.0740295117158,90.11225891113281,1134900,0.0,0.0
2020-09-11 00:00:00-04:00,90.66668511684783,90.71448280816612,88.74533315373186,89.93064880371094,677800,0.0,0.0
2020-09-14 00:00:00-04:00,90.33211577549933,90.8769758646513,88.55414973870805,90.42770385742188,1131600,0.0,0.0
2020-09-15 00:00:00-04:00,90.69534791869806,91.84242671110255,90.16960985346923,90.71446990966797,919600,0.0,0.0
2020-09-16 00:00:00-04:00,91.39316881816195,93.63952177179345,90.80051098609036,92.52112579345703,1033900,0.0,0.0
2020-09-17 00:00:00-04:00,91.45050964296425,92.6453788730424,90.49461425890173,92.54022979736328,722300,0.0,0.0
2020-09-18 00:00:00-04:00,92.3586195233207,93.08509480277992,91.73728603220411,92.55935668945312,1585100,0.0,0.0
2020-09-21 00:00:00-04:00,91.50786025271834,91.89021253829132,89.87327287241366,91.59388732910156,696000,0.0,0.0
2020-09-22 00:00:00-04:00,91.46963670906021,91.89022574220635,90.62844405696109,91.05860137939453,651300,0.0,0.0
2020-09-23 00:00:00-04:00,91.40273521621904,91.76597290017001,89.90197949279703,89.98800659179688,601100,0.0,0.0
2020-09-24 00:00:00-04:00,90.03579723423756,91.7086143175361,87.94238380769477,90.48506927490234,1070300,0.0,0.0
2020-09-25 00:00:00-04:00,90.04535876578176,92.78878164632337,90.04535876578176,92.53069305419922,822100,0.0,0.0
2020-09-28 00:00:00-04:00,93.43877610377979,94.40423250758109,92.52111738752531,93.27627563476562,680800,0.0,0.0
2020-09-29 00:00:00-04:00,93.17112783305727,93.27627691277846,91.68948701364296,91.91890716552734,691200,0.0,0.0
2020-09-30 00:00:00-04:00,91.9380251475472,93.53436880699496,91.4696384166411,92.6453857421875,1042700,0.0,0.0
2020-10-01 00:00:00-04:00,93.02773647113244,93.32406170004721,90.55197098060603,91.15418243408203,730600,0.0,0.0
2020-10-02 00:00:00-04:00,89.90197386546937,92.29171259349458,89.81593947895048,91.17330932617188,644500,0.0,0.0
2020-10-05 00:00:00-04:00,91.54610561308974,92.73142124237901,90.61889313667177,92.13876342773438,711300,0.0,0.0
2020-10-06 00:00:00-04:00,92.86524235733822,93.41010245998433,91.24977674909653,91.41227722167969,859500,0.0,0.0
2020-10-07 00:00:00-04:00,91.78508934153162,92.1961247279851,91.34537825486814,91.37405395507812,727900,0.0,0.0
2020-10-08 00:00:00-04:00,91.86154406049208,94.61452740739772,91.59389452241024,94.14613342285156,1009400,0.0,0.0
2020-10-09 00:00:00-04:00,94.5380476325644,94.62407470988485,92.3108098096148,92.58802032470703,759900,0.0,0.0
2020-10-12 00:00:00-04:00,93.08508267710873,93.29538081220646,92.19609974695175,92.58802032470703,816400,0.0,0.0
2020-10-13 00:00:00-04:00,91.93801229277686,93.24759150838037,91.37403026091019,92.97993469238281,703300,0.0,0.0
2020-10-14 00:00:00-04:00,92.76007287232586,94.92995180930228,92.76007287232586,94.09832763671875,737300,0.0,0.0
2020-10-15 00:00:00-04:00,93.57261691250893,96.17265403390384,92.96084433016948,94.96822357177734,1270600,0.0,0.0
2020-10-16 00:00:00-04:00,95.2071801692357,96.1726365630969,94.5380563078882,95.13070678710938,1200600,0.0,0.0
2020-10-19 00:00:00-04:00,95.14027497430324,96.2777929174767,92.89392207809904,93.48657989501953,527400,0.0,0.0
2020-10-20 00:00:00-04:00,93.84025146946115,94.6336464169913,93.10421520620645,93.6681900024414,726100,0.0,0.0
2020-10-21 00:00:00-04:00,93.43876191317074,95.79982437850599,93.41964721679688,93.41964721679688,829500,0.0,0.0
2020-10-22 00:00:00-04:00,93.5821633594004,94.55717348186957,92.93215418011984,94.36599731445312,619400,0.0,0.0
2020-10-23 00:00:00-04:00,94.92042873688207,95.30278111331295,94.19394609443601,94.99689483642578,537900,0.0,0.0
2020-10-26 00:00:00-04:00,94.22260926827094,94.39467073195418,92.78876616854505,94.03143310546875,846300,0.0,0.0
2020-10-27 00:00:00-04:00,94.20350042610362,95.36968676034779,93.27628066376796,93.34319305419922,745900,0.0,0.0
2020-10-28 00:00:00-04:00,91.97625670455348,93.15200396444122,91.41227462532598,91.47918701171875,1842600,0.0,0.0
2020-10-29 00:00:00-04:00,90.81963350812484,91.19243216973814,88.17179888877469,90.41815185546875,1297300,0.0,0.0
2020-10-30 00:00:00-04:00,89.93064815704425,92.22479875865426,89.88285046606966,91.83287811279297,1218700,0.0,0.0
2020-11-02 00:00:00-05:00,93.0659699437105,95.22629543225393,91.4887411900965,94.57628631591797,1519300,0.0,0.0
2020-11-03 00:00:00-05:00,95.72336260300321,98.44766297267647,95.72336260300321,97.64471435546875,1215700,0.0,0.0
2020-11-04 00:00:00-05:00,98.45722906401882,102.63449470897629,98.24693090303697,100.35945892333984,1722500,0.0,0.0
2020-11-05 00:00:00-05:00,101.42050172539979,104.78525765869621,99.42268381548892,100.77049255371094,1360900,0.0,0.0
2020-11-06 00:00:00-05:00,100.61756161184292,101.74551858503732,99.19327207671269,99.3653335571289,909600,0.0,0.0
2020-11-09 00:00:00-05:00,103.63817847185173,104.81393303355374,99.50871059754976,101.57344818115234,1079800,0.0,0.0
2020-11-10 00:00:00-05:00,102.23301808321791,106.1139586689613,101.80286803684344,105.2249755859375,1121800,0.0,0.0
2020-11-11 00:00:00-05:00,105.54041194935336,106.34336056448278,102.31904190725834,102.59625244140625,879400,0.0,0.0
2020-11-12 00:00:00-05:00,102.00359849347427,102.76831773989147,100.51240398515428,101.42050170898438,775000,0.0,0.0
2020-11-13 00:00:00-05:00,102.01563860683179,104.65529808548278,102.01563860683179,103.78181457519531,705800,0.44,0.0
2020-11-16 00:00:00-05:00,104.70327653777233,106.12388892623973,103.44583398953793,104.6360855102539,997200,0.0,0.0
2020-11-17 00:00:00-05:00,101.74685175640461,103.74339551071944,100.12465904061476,100.68138885498047,2333100,0.0,0.0
2020-11-18 00:00:00-05:00,101.39170487577236,103.42664474518826,99.2415845668529,99.28958129882812,898400,0.0,0.0
2020-11-19 00:00:00-05:00,98.5312855718475,98.7808554145499,96.37156429331672,97.8113784790039,1481100,0.0,0.0
2020-11-20 00:00:00-05:00,97.36984295927337,97.69619734837407,95.73804904394746,96.42916107177734,949200,0.0,0.0
2020-11-23 00:00:00-05:00,97.21624544723142,97.75377369330431,96.0643971132829,96.44834899902344,1474200,0.0,0.0
2020-11-24 00:00:00-05:00,96.94748793486347,99.63514399504041,96.2851710698807,98.96322631835938,1212300,0.0,0.0
2020-11-25 00:00:00-05:00,99.24158822980542,99.76952300792624,97.41782219652933,98.97282409667969,760300,0.0,0.0
2020-11-27 00:00:00-05:00,99.14558911695697,99.64472139557726,98.42568214456251,99.05919647216797,309800,0.0,0.0
2020-11-30 00:00:00-05:00,99.55834909667792,100.32624557371237,98.35850398574277,98.97282409667969,1223200,0.0,0.0
2020-12-01 00:00:00-05:00,99.68311963703033,100.23984946624769,97.8017635841013,98.08972930908203,999100,0.0,0.0
2020-12-02 00:00:00-05:00,98.43528522688723,99.5295432643237,98.03213174735332,98.98241424560547,700300,0.0,0.0
2020-12-03 00:00:00-05:00,98.61767357438711,98.97283038617172,96.84190416201179,97.42742919921875,772700,0.0,0.0
2020-12-04 00:00:00-05:00,97.62899858445283,98.85763883749512,96.38116403138896,98.8480453491211,873100,0.0,0.0
2020-12-07 00:00:00-05:00,98.86722107906128,99.15518678821208,95.16209939256672,95.49805450439453,1197400,0.0,0.0
2020-12-08 00:00:00-05:00,95.04691620328634,96.93787305334047,94.42300267565321,96.40034484863281,979500,0.0,0.0
2020-12-09 00:00:00-05:00,96.44835078035862,97.39862603958073,95.99720785552667,97.05307006835938,967900,0.0,0.0
2020-12-10 00:00:00-05:00,96.45793760225675,97.49460544427842,95.30608932663672,95.38288116455078,886200,0.0,0.0
2020-12-11 00:00:00-05:00,94.88374545822361,95.39247858967774,93.6647061049245,94.12544250488281,782500,0.0,0.0
2020-12-14 00:00:00-05:00,95.09491506140583,95.09491506140583,93.19435735847959,93.22315979003906,1025200,0.0,0.0
2020-12-15 00:00:00-05:00,93.64549967118134,95.35407776950731,93.64549967118134,95.0565185546875,919900,0.0,0.0
2020-12-16 00:00:00-05:00,95.13331802210307,95.13331802210307,94.07745580822008,94.42301177978516,757200,0.0,0.0
2020-12-17 00:00:00-05:00,94.9413445910703,95.11411525149404,93.54951991038057,94.77816009521484,1064100,0.0,0.0
2020-12-18 00:00:00-05:00,94.79736422509126,95.84362564279051,93.59751911858845,94.65338134765625,1682200,0.0,0.0
2020-12-21 00:00:00-05:00,93.41515105841786,93.91428345786547,91.92734002599894,93.75110626220703,1074200,0.0,0.0
2020-12-22 00:00:00-05:00,93.70310809966224,94.43260866743077,92.58964830158367,92.83921813964844,915700,0.0,0.0
2020-12-23 00:00:00-05:00,93.1463761011174,94.14464810760205,92.79121931354092,93.33834838867188,752300,0.0,0.0
2020-12-24 00:00:00-05:00,93.42473380588865,93.66470280837582,92.22488879345282,93.07917785644531,295800,0.0,0.0
2020-12-28 00:00:00-05:00,93.78949142521334,94.25982865654066,92.50326098595443,92.91600799560547,521900,0.0,0.0
2020-12-29 00:00:00-05:00,93.7222920879793,94.31741784457236,92.45525606045271,93.22315979003906,1061500,0.0,0.0
2020-12-30 00:00:00-05:00,93.30954908843059,93.6455042382038,92.53205183848786,93.069580078125,648900,0.0,0.0
2020-12-31 00:00:00-05:00,92.86800938986774,94.03905936216654,92.22489418320306,93.83748626708984,523600,0.0,0.0
2021-01-04 00:00:00-05:00,93.92387540545616,94.01986155129723,91.25542100539752,92.62804412841797,1753300,0.0,0.0
2021-01-05 00:00:00-05:00,92.84881509078706,94.91254277416554,91.08263932116192,93.83748626708984,1800200,0.0,0.0
2021-01-06 00:00:00-05:00,96.14117023982823,102.85070049168195,96.14117023982823,101.91001892089844,2844800,0.0,0.0
2021-01-07 00:00:00-05:00,102.27478552481197,105.96070566207422,101.97721900012891,105.71113586425781,2068400,0.0,0.0
2021-01-08 00:00:00-05:00,105.65355400092815,107.96685874121226,105.14482087833234,105.61515808105469,1801000,0.0,0.0
2021-01-11 00:00:00-05:00,104.78966823680486,106.05670434941203,101.84284901079488,103.04269409179688,1582700,0.0,0.0
2021-01-12 00:00:00-05:00,103.17709091443204,103.44585507929935,101.89086031877449,102.24600982666016,1441900,0.0,0.0
2021-01-13 00:00:00-05:00,102.05402857842506,102.24600087272614,101.17094430740231,101.38211822509766,940300,0.0,0.0
2021-01-14 00:00:00-05:00,101.43970207344559,102.38038383225754,101.12294121681035,101.40130615234375,948300,0.0,0.0
2021-01-15 00:00:00-05:00,101.36290724907097,103.56102423538675,100.33584019045183,102.51476287841797,3229200,0.0,0.0
2021-01-19 00:00:00-05:00,103.17707123413034,103.5610231063936,99.09759815328795,99.34716796875,1368000,0.0,0.0
2021-01-20 00:00:00-05:00,99.04960990412653,100.20145821110785,98.64645640573744,99.62553405761719,1297900,0.0,0.0
2021-01-21 00:00:00-05:00,99.51036317704619,101.18055302572971,98.6080845353953,100.70061492919922,1218600,0.0,0.0
2021-01-22 00:00:00-05:00,100.46062697602595,104.35772124304178,100.46062697602595,103.43624114990234,1595400,0.0,0.0
2021-01-25 00:00:00-05:00,102.79311388805095,103.20586084718211,101.74685259820248,102.58194732666016,693100,0.0,0.0
2021-01-26 00:00:00-05:00,103.34985477488394,105.22161750671651,102.64914934430459,104.47290802001953,813900,0.0,0.0
2021-01-27 00:00:00-05:00,103.58022069299172,105.35598979435488,102.33237898756215,102.55314636230469,1013900,0.0,0.0
2021-01-28 00:00:00-05:00,103.0714846808776,105.2504073534337,102.53395645161433,102.61074829101562,1017400,0.0,0.0
2021-01-29 00:00:00-05:00,102.52435818294278,103.30186276043138,99.63513655574214,100.01908111572266,1157900,0.0,0.0
2021-02-01 00:00:00-05:00,100.65261826975504,103.07150305593906,100.6046215307544,102.60116577148438,1399300,0.0,0.0
2021-02-02 00:00:00-05:00,103.76260689683497,105.5863729857897,101.30532637806779,101.38211822509766,1241100,0.0,0.0
2021-02-03 00:00:00-05:00,100.95976779340158,101.82365774208768,99.25118951892988,101.29572296142578,1339900,0.0,0.0
2021-02-04 00:00:00-05:00,101.88124635798341,108.35080907476967,101.88124635798341,107.42932891845703,1976300,0.0,0.0
2021-02-05 00:00:00-05:00,107.69809444482685,107.82288302351003,103.7434096381261,105.28881072998047,1832500,0.0,0.0
2021-02-08 00:00:00-05:00,105.29841216925476,105.98952417845321,103.37865984293636,104.136962890625,1105200,0.0,0.0
2021-02-09 00:00:00-05:00,103.79137889264706,104.47288990588815,101.98681482899198,103.11946868896484,926200,0.0,0.0
2021-02-10 00:00:00-05:00,103.90656952846865,103.90656952846865,101.78524459979789,102.00601196289062,1370400,0.0,0.0
2021-02-11 00:00:00-05:00,102.77710943739424,102.86386126927775,100.45419438179924,100.75299072265625,1030100,0.44,0.0
2021-02-12 00:00:00-05:00,100.00117917231877,101.639749769076,99.86623841040795,101.37950897216797,897500,0.0,0.0
2021-02-16 00:00:00-05:00,101.80362640520116,101.80362640520116,99.35540355395167,99.63492584228516,808000,0.0,0.0
2021-02-17 00:00:00-05:00,98.99876928607682,101.88072928334773,98.9698544554182,101.50482177734375,849700,0.0,0.0
2021-02-18 00:00:00-05:00,100.93614549986134,101.90965315254817,100.54095653107086,101.45663452148438,728300,0.0,0.0
2021-02-19 00:00:00-05:00,101.7939711306346,102.47831566135987,101.20601180707685,102.0445785522461,890200,0.0,0.0
2021-02-22 00:00:00-05:00,101.47589342992195,102.76747873915964,100.29034140851029,102.2855453491211,731900,0.0,0.0
2021-02-23 00:00:00-05:00,102.90242417787937,104.09761698046525,100.72408309683907,102.6229019165039,887900,0.0,0.0
2021-02-24 00:00:00-05:00,102.29517720911511,103.47109584001042,100.91684743984402,101.3987808227539,1003200,0.0,0.0
2021-02-25 00:00:00-05:00,102.03495430120175,102.96026567611766,98.83491637197216,99.13371276855469,1037800,0.0,0.0
2021-02-26 00:00:00-05:00,99.23974088493787,99.66384469867306,97.07104023442685,97.56261444091797,1333100,0.0,0.0
2021-03-01 00:00:00-05:00,98.23730513939502,100.10720913499445,98.23730513939502,99.442138671875,1158400,0.0,0.0
2021-03-02 00:00:00-05:00,99.49032694625286,100.58913445112918,98.9216417407637,100.48310852050781,742800,0.0,0.0
2021-03-03 00:00:00-05:00,100.36745854787819,101.14819574439541,99.58672870508188,99.60600280761719,784600,0.0,0.0
2021-03-04 00:00:00-05:00,98.98913157520728,101.06144696231856,98.16984614878314,99.2686538696289,828900,0.0,0.0
2021-03-05 00:00:00-05:00,99.98191555720734,101.63976042792824,98.16020037292982,101.04216766357422,1145700,0.0,0.0
2021-03-08 00:00:00-05:00,101.77469810596737,105.2157098519643,101.75542400442555,103.62532806396484,1149900,0.0,0.0
2021-03-09 00:00:00-05:00,103.89519773267642,107.12414987032167,103.82772735441111,106.15064239501953,1599100,0.0,0.0
2021-03-10 00:00:00-05:00,106.02533725771062,109.46634109092572,105.75545575764973,107.78921508789062,1880200,0.0,0.0
2021-03-11 00:00:00-05:00,106.6807742033697,107.40367427955252,104.59881845417762,105.8904037475586,1314200,0.0,0.0
2021-03-12 00:00:00-05:00,106.76752105214784,109.29285468832876,106.02534685976629,108.83983612060547,1067900,0.0,0.0
2021-03-15 00:00:00-04:00,109.05189481837267,109.95793201054387,108.03983168440611,109.74588012695312,659300,0.0,0.0
2021-03-16 00:00:00-04:00,109.5145384406642,109.62056436725841,107.77957541795847,108.78199768066406,939500,0.0,0.0
2021-03-17 00:00:00-04:00,109.39888780158863,110.48805469800074,108.62779137779847,109.88082122802734,796200,0.0,0.0
2021-03-18 00:00:00-04:00,109.60129699616219,112.48325677563108,109.1868339626958,111.45191955566406,891500,0.0,0.0
2021-03-19 00:00:00-04:00,111.18204149317303,112.88808996362877,110.87360439028282,111.7314453125,2448100,0.0,0.0
2021-03-22 00:00:00-04:00,111.68324498137129,112.21336729118752,110.06394851805727,112.1458969116211,697500,0.0,0.0
2021-03-23 00:00:00-04:00,111.80854477459555,112.12662257203672,109.09044079060331,109.65911865234375,836600,0.0,0.0
2021-03-24 00:00:00-04:00,109.55311298246468,112.62784332553873,109.33142036468684,111.20132446289062,1358300,0.0,0.0
2021-03-25 00:00:00-04:00,111.2109501050296,113.3892911588741,109.9868424896047,113.10012817382812,608800,0.0,0.0
2021-03-26 00:00:00-04:00,113.73628487373136,114.55557020080657,113.00374403075719,114.43991088867188,705900,0.0,0.0
2021-03-29 00:00:00-04:00,113.88087041037429,115.48088556604,113.52423702661794,114.74835205078125,629500,0.0,0.0
2021-03-30 00:00:00-04:00,114.75799560546875,116.18452191332861,114.36281398372049,114.75799560546875,839400,0.0,0.0
2021-03-31 00:00:00-04:00,114.41099017150839,115.19172730701318,113.60134556132013,113.80375671386719,1348700,0.0,0.0
2021-04-01 00:00:00-04:00,113.67846024296622,113.73628990159001,110.57480776566653,112.66639709472656,1142200,0.0,0.0
2021-04-05 00:00:00-04:00,113.0230254209241,113.8230292930413,110.98926584155048,112.78205871582031,997300,0.0,0.0
2021-04-06 00:00:00-04:00,112.7820603373822,113.66881606002092,111.58686016820442,111.79891204833984,795800,0.0,0.0
2021-04-07 00:00:00-04:00,112.23266941534408,112.90737333527356,111.25916174197052,112.27122497558594,765800,0.0,0.0
2021-04-08 00:00:00-04:00,112.05915660579743,112.3001233066119,110.6519119554874,111.2784194946289,595600,0.0,0.0
2021-04-09 00:00:00-04:00,111.73143073511382,112.71457892798983,111.40371957330157,112.58927154541016,704400,0.0,0.0
2021-04-12 00:00:00-04:00,112.34830742307315,114.22785202116394,112.19409256509083,113.29290008544922,1030200,0.0,0.0
2021-04-13 00:00:00-04:00,112.66639942217712,113.03266619056168,112.0591659329215,112.88809204101562,1213100,0.0,0.0
2021-04-14 00:00:00-04:00,112.71459345514413,114.10255673909174,112.59892678409824,113.73628997802734,1051000,0.0,0.0
2021-04-15 00:00:00-04:00,114.16039745891872,115.22064957324972,113.76520850196836,114.73871612548828,1197700,0.0,0.0
2021-04-16 00:00:00-04:00,115.18209730642667,115.57728627466996,114.38208599538856,115.365234375,1217700,0.0,0.0
2021-04-19 00:00:00-04:00,115.6640088707832,116.43510520474295,114.62303102605345,115.18207550048828,1092600,0.0,0.0
2021-04-20 00:00:00-04:00,114.98930553631776,116.57004640866998,114.76761294949242,116.14594268798828,677600,0.0,0.0
2021-04-21 00:00:00-04:00,116.62786703645762,117.26402256825983,115.97243740689736,116.78208923339844,519400,0.0,0.0
2021-04-22 00:00:00-04:00,117.09054345786312,117.09054345786312,115.51943584925773,116.52185821533203,759100,0.0,0.0
2021-04-23 00:00:00-04:00,116.49294647717036,117.4182577579981,115.88571301736103,117.25440216064453,545700,0.0,0.0
2021-04-26 00:00:00-04:00,117.37970065319134,117.37970065319134,115.1917261982911,115.40377807617188,482700,0.0,0.0
2021-04-27 00:00:00-04:00,114.98931101964229,115.4423222339402,113.52422938036214,114.50737762451172,1217200,0.0,0.0
2021-04-28 00:00:00-04:00,114.81583832656429,115.36524221590399,113.8712454421219,115.01824951171875,996900,0.0,0.0
2021-04-29 00:00:00-04:00,116.06884706801418,117.00379911130871,114.90256903426885,116.86885833740234,807300,0.0,0.0
2021-04-30 00:00:00-04:00,116.6857197178262,117.67850140702596,116.12668252785662,116.43511962890625,967000,0.0,0.0
2021-05-03 00:00:00-04:00,117.12908829078015,119.78936267217946,117.1194549176239,119.31707000732422,1302500,0.0,0.0
2021-05-04 00:00:00-04:00,119.47129431809506,121.31228354990436,118.54598301523133,121.30264282226562,1279900,0.0,0.0
2021-05-05 00:00:00-04:00,116.25197962255189,117.15801680114825,111.72180843701081,114.52665710449219,4029400,0.0,0.0
2021-05-06 00:00:00-04:00,113.15796867517834,113.90978363503501,109.94829032774058,113.37965393066406,1650700,0.0,0.0
2021-05-07 00:00:00-04:00,113.88086464715525,116.98451694036532,113.02302377775497,116.4929428100586,1257000,0.0,0.0
2021-05-10 00:00:00-04:00,116.16523289984956,120.33877824644395,116.07848841061629,118.79659271240234,978300,0.0,0.0
2021-05-11 00:00:00-04:00,118.43031396475521,118.87369180132902,115.19172099404925,115.7603988647461,1032700,0.0,0.0
2021-05-12 00:00:00-04:00,115.70258163688048,116.30018175229516,114.78690368485536,115.75077056884766,1017200,0.0,0.0
2021-05-13 00:00:00-04:00,115.89533907855059,116.51221322684697,114.83508709577369,115.14352416992188,1098500,0.0,0.0
2021-05-14 00:00:00-04:00,115.47245803672443,115.47245803672443,112.61854217653283,112.7249526977539,2472300,0.44,0.0
2021-05-17 00:00:00-04:00,112.52179873654642,114.95005048729506,110.16127418217964,114.26317596435547,1144000,0.0,0.0
2021-05-18 00:00:00-04:00,113.58597742805944,114.3889388428849,111.52534648525608,113.14095306396484,1274800,0.0,0.0
2021-05-19 00:00:00-04:00,112.90876818785826,115.05646423079722,111.6027390047188,114.87265014648438,1363500,0.0,0.0
2021-05-20 00:00:00-04:00,114.65015071908752,116.71077430978575,114.40829317826305,116.13031768798828,1061800,0.0,0.0
2021-05-21 00:00:00-04:00,116.76881825312243,118.32638141311301,116.13999454903593,116.15933990478516,806100,0.0,0.0
2021-05-24 00:00:00-04:00,116.55599018596173,116.87523653272831,114.52438092324718,114.65982055664062,669800,0.0,0.0
2021-05-25 00:00:00-04:00,114.27285800601943,114.68885328771036,110.86749956498986,111.24479675292969,1519500,0.0,0.0
2021-05-26 00:00:00-04:00,111.19641914903266,111.74785401621745,109.01002503488515,110.94488525390625,1425600,0.0,0.0
2021-05-27 00:00:00-04:00,111.64144206982657,111.68014016198026,110.0838789199453,111.26414489746094,2019400,0.0,0.0
2021-05-28 00:00:00-04:00,111.97035980562929,112.22189370299658,110.57726545453923,111.0029296875,921300,0.0,0.0
2021-06-01 00:00:00-04:00,110.80945447437057,110.94489411004099,109.77430446980006,110.59661865234375,799100,0.0,0.0
2021-06-02 00:00:00-04:00,111.49632295268695,112.08645592494807,110.42247491338597,111.37055969238281,988500,0.0,0.0
2021-06-03 00:00:00-04:00,111.36088270065322,113.43118258551551,111.21576670517283,112.99584197998047,1047800,0.0,0.0
2021-06-04 00:00:00-04:00,113.09259311994526,113.39249412340641,112.1735299911311,113.1119384765625,694600,0.0,0.0
2021-06-07 00:00:00-04:00,113.56662776750775,115.2693069438817,112.87007685985903,114.40829467773438,780900,0.0,0.0
2021-06-08 00:00:00-04:00,115.01777426460943,115.06614872628953,112.70561670970685,114.06002044677734,656600,0.0,0.0
2021-06-09 00:00:00-04:00,114.27284479046335,115.0371154466202,113.47955241257618,113.5762939453125,664100,0.0,0.0
2021-06-10 00:00:00-04:00,114.1470762077532,117.17513716510275,113.75043370212987,117.0009994506836,841600,0.0,0.0
2021-06-11 00:00:00-04:00,116.77848783776061,117.3686207960677,115.14352858793544,115.93682098388672,596900,0.0,0.0
2021-06-14 00:00:00-04:00,115.92713998066161,115.92713998066161,113.91488378651859,114.86296844482422,635500,0.0,0.0
2021-06-15 00:00:00-04:00,115.23061732155611,115.39507869214401,114.44700118330215,115.1532211303711,474600,0.0,0.0
2021-06-16 00:00:00-04:00,115.40473037416923,115.55951534252101,113.95358531395722,114.50502014160156,566200,0.0,0.0
2021-06-17 00:00:00-04:00,114.6694948572088,114.86298531635776,113.11193172036468,114.26317596435547,597800,0.0,0.0
2021-06-18 00:00:00-04:00,113.41183538184612,113.41183538184612,110.58693384271494,110.69335174560547,1189400,0.0,0.0
2021-06-21 00:00:00-04:00,110.96422214237884,112.93778030091462,110.6546448261912,112.82169342041016,800200,0.0,0.0
2021-06-22 00:00:00-04:00,112.40570451069974,113.518243209393,112.18319234241758,112.88941955566406,873600,0.0,0.0
2021-06-23 00:00:00-04:00,112.67660106718603,112.87008416253722,111.72851618578842,112.03809356689453,639500,0.0,0.0
2021-06-24 00:00:00-04:00,112.66691900532062,112.66691900532062,111.28349353883095,111.71884155273438,826800,0.0,0.0
2021-06-25 00:00:00-04:00,111.71883626366362,112.97649102217291,111.23512119172015,112.55081939697266,2753400,0.0,0.0
2021-06-28 00:00:00-04:00,112.48309658729283,112.48309658729283,110.53856736410533,111.0029296875,909700,0.0,0.0
2021-06-29 00:00:00-04:00,111.37055263485921,112.06709608729564,110.63530371289744,110.71269989013672,894600,0.0,0.0
2021-06-30 00:00:00-04:00,110.88685616455228,111.351218543926,109.91942592979896,110.7610855102539,782500,0.0,0.0
2021-07-01 00:00:00-04:00,111.15771692073817,113.21834032015612,111.15771692073817,112.6475601196289,1184700,0.0,0.0
2021-07-02 00:00:00-04:00,112.3960218428126,113.11191800257677,111.30282855959804,112.82169342041016,776100,0.0,0.0
2021-07-06 00:00:00-04:00,112.26058351710287,112.34764867848078,108.99067261602382,111.66077423095703,956900,0.0,0.0
2021-07-07 00:00:00-04:00,111.20609456129974,112.3379934643161,110.88684821620394,111.29316711425781,812900,0.0,0.0
2021-07-08 00:00:00-04:00,110.44182065070494,111.09966601452173,109.57113210902727,110.71269989013672,639600,0.0,0.0
2021-07-09 00:00:00-04:00,111.53502613600335,112.04776294953014,111.00293658560396,111.38023376464844,577300,0.0,0.0
2021-07-12 00:00:00-04:00,110.96423092901522,112.46375055545029,110.53856669861712,111.78655242919922,644500,0.0,0.0
2021-07-13 00:00:00-04:00,111.53503025998022,112.0477670924653,110.42248403767681,110.49020385742188,846700,0.0,0.0
2021-07-14 00:00:00-04:00,110.30639091880293,110.60629930733008,109.59049461952863,109.86137390136719,595700,0.0,0.0
2021-07-15 00:00:00-04:00,109.11644395098307,110.31605523126562,109.11644395098307,109.47439575195312,757100,0.0,0.0
2021-07-16 00:00:00-04:00,109.68723684361856,110.06453404292633,108.93264244500307,109.20352172851562,416700,0.0,0.0
2021-07-19 00:00:00-04:00,108.43924100751755,109.61950696097955,107.71366840146203,108.93263244628906,823700,0.0,0.0
2021-07-20 00:00:00-04:00,114.64046705203766,115.89812913661648,112.56049085719081,112.69593048095703,2124400,0.0,0.0
2021-07-21 00:00:00-04:00,113.0055107377971,114.56307383225466,112.88942384637315,114.36959075927734,1620500,0.0,0.0
2021-07-22 00:00:00-04:00,114.36958892751561,116.13998780243689,113.77945596920851,115.93682098388672,959100,0.0,0.0
2021-07-23 00:00:00-04:00,116.13999864365087,118.56824313518841,116.00455900591199,117.35895538330078,956700,0.0,0.0
2021-07-26 00:00:00-04:00,117.52341753016124,118.50051666458658,116.39151864844166,116.85588836669922,624800,0.0,0.0
2021-07-27 00:00:00-04:00,116.49793495909204,117.79429517665903,115.8304131856813,117.45569610595703,552100,0.0,0.0
2021-07-28 00:00:00-04:00,117.44602079828053,117.69755470203268,116.41087084084259,117.38796997070312,553700,0.0,0.0
2021-07-29 00:00:00-04:00,118.02647389352484,118.97455865272721,117.14610894705793,118.71334838867188,590300,0.0,0.0
2021-07-30 00:00:00-04:00,118.81008789940049,119.2260831365173,118.03614825002666,118.19093322753906,780800,0.0,0.0
2021-08-02 00:00:00-04:00,118.29736377308741,119.2938156989681,117.28156649078963,118.73271179199219,816300,0.0,0.0
2021-08-03 00:00:00-04:00,118.83911164720894,120.2805878311549,118.43279277079328,119.68077850341797,875200,0.0,0.0
2021-08-04 00:00:00-04:00,119.7291603101977,124.67272170515893,119.55502258377335,121.46086120605469,1708400,0.0,0.0
2021-08-05 00:00:00-04:00,121.60597354442014,121.98327073305457,115.60790923918493,117.9200668334961,1988900,0.0,0.0
2021-08-06 00:00:00-04:00,117.97811617926739,118.07486510911123,115.7336782917617,116.71078491210938,1116600,0.0,0.0
2021-08-09 00:00:00-04:00,116.71076756700056,117.9200552012582,115.31766585044585,116.31412506103516,627200,0.0,0.0
2021-08-10 00:00:00-04:00,115.96585001370161,116.11095862556552,113.49890027933148,115.09516143798828,989700,0.0,0.0
2021-08-11 00:00:00-04:00,115.52082247299813,116.12062436287506,114.23413877228585,115.35635375976562,955500,0.0,0.0
2021-08-12 00:00:00-04:00,115.6562789746261,116.5946800330637,114.37927145430913,116.13031768798828,790000,0.0,0.0
2021-08-13 00:00:00-04:00,116.2759593866342,116.7323255064684,114.84860404436465,116.10118103027344,854900,0.44,0.0
2021-08-16 00:00:00-04:00,116.22743168383411,117.41203997246072,115.79048940402464,116.58670043945312,573600,0.0,0.0
2021-08-17 00:00:00-04:00,116.50899802844414,117.66447760647577,115.95553445228934,117.43144226074219,779700,0.0,0.0
2021-08-18 00:00:00-04:00,117.421731108537,117.5576690118296,115.11077934450282,115.13990783691406,550100,0.0,0.0
2021-08-19 00:00:00-04:00,114.51845794087164,117.1498375385545,114.34367960484559,115.80016326904297,712900,0.0,0.0
2021-08-20 00:00:00-04:00,115.5185960370631,116.47987335175516,115.18845582907109,116.07205963134766,458300,0.0,0.0
2021-08-23 00:00:00-04:00,116.67406298852032,116.75173649250472,115.53800002204187,116.2079849243164,445900,0.0,0.0
2021-08-24 00:00:00-04:00,116.03320493536481,116.03320493536481,114.43107133539851,114.57672119140625,878600,0.0,0.0
2021-08-25 00:00:00-04:00,114.4116564243255,115.41177409065087,113.13965556585909,114.66410827636719,898600,0.0,0.0
2021-08-26 00:00:00-04:00,114.63499363608798,114.64470560328125,112.45026772540696,113.42125701904297,856500,0.0,0.0
2021-08-27 00:00:00-04:00,114.27572245395328,116.80029291742393,113.79022784912969,116.41189575195312,819900,0.0,0.0
2021-08-30 00:00:00-04:00,116.10118761997255,116.99449597738133,115.88756879362258,116.0526351928711,383000,0.0,0.0
2021-08-31 00:00:00-04:00,115.83902166363744,119.28602909127802,115.83902166363744,118.66459655761719,818100,0.0,0.0
2021-09-01 00:00:00-04:00,118.60633332557155,119.2568943174731,116.3633432159702,119.12095642089844,681900,0.0,0.0
2021-09-02 00:00:00-04:00,119.41226190639175,121.3736569430449,119.41226190639175,121.35424041748047,668000,0.0,0.0
2021-09-03 00:00:00-04:00,121.38336421748622,121.91740384255495,121.28626677729736,121.50959014892578,549600,0.0,0.0
2021-09-07 00:00:00-04:00,121.5095953197048,121.81059961951733,119.67442621221903,120.60657501220703,510100,0.0,0.0
2021-09-08 00:00:00-04:00,120.57744075623415,121.63581544244393,119.93658431984089,120.70366668701172,422200,0.0,0.0
2021-09-09 00:00:00-04:00,120.3152710170745,121.36393368537644,119.97541888280335,120.0142593383789,489900,0.0,0.0
2021-09-10 00:00:00-04:00,119.91716969150433,120.39295233910049,118.35387644134275,119.24718475341797,687900,0.0,0.0
2021-09-13 00:00:00-04:00,119.73267999040125,120.21817460706244,119.02386199858951,120.05310821533203,626500,0.0,0.0
2021-09-14 00:00:00-04:00,120.40265427815103,120.85902036272061,119.15007738903219,119.51905059814453,470900,0.0,0.0
2021-09-15 00:00:00-04:00,119.10153854270642,122.22811753645038,118.36358467821658,122.15044403076172,699300,0.0,0.0
2021-09-16 00:00:00-04:00,122.5873867497386,123.2865001604524,120.59685592245955,120.62599182128906,682100,0.0,0.0
2021-09-17 00:00:00-04:00,120.18904291899963,121.30568198923602,119.41225599783589,119.8880386352539,1696500,0.0,0.0
2021-09-20 00:00:00-04:00,119.17922282130102,119.51906758959483,117.01392086327178,118.43156433105469,871000,0.0,0.0
2021-09-21 00:00:00-04:00,119.15980493842429,119.98514434004369,117.47999023418316,117.9751968383789,800600,0.0,0.0
2021-09-22 00:00:00-04:00,118.61605680728223,119.75211251382835,118.1985311106806,118.54808044433594,830800,0.0,0.0
2021-09-23 00:00:00-04:00,118.89763848935767,120.06283011053617,118.55779371120332,118.99474334716797,801300,0.0,0.0
2021-09-24 00:00:00-04:00,119.07241210253277,119.47052126107207,118.39272257339282,118.75199127197266,416200,0.0,0.0
2021-09-27 00:00:00-04:00,118.5771961981352,119.75209216613496,118.53835574364854,119.07239532470703,614100,0.0,0.0
2021-09-28 00:00:00-04:00,119.32487504583496,119.39284400083237,117.63535573014191,117.77129364013672,834700,0.0,0.0
2021-09-29 00:00:00-04:00,117.87810312632271,119.49965348798183,117.87810312632271,118.9461898803711,725500,0.0,0.0
2021-09-30 00:00:00-04:00,119.65500269620378,120.24729929437613,115.97495272937464,115.98465728759766,1038800,0.0,0.0
2021-10-01 00:00:00-04:00,116.38278857761865,117.36348993324422,115.14962790698765,116.33423614501953,1011900,0.0,0.0
2021-10-04 00:00:00-04:00,116.51871371234223,117.95578110767433,114.08152854293553,114.89716339111328,926000,0.0,0.0
2021-10-05 00:00:00-04:00,115.04281092817821,116.71290623469572,114.36311400049233,115.16903686523438,730000,0.0,0.0
2021-10-06 00:00:00-04:00,114.37282393850991,115.05251344607866,111.41130378111743,113.5086441040039,919900,0.0,0.0
2021-10-07 00:00:00-04:00,113.84849009796987,115.88756605094835,113.63487127667554,115.13019561767578,679900,0.0,0.0
2021-10-08 00:00:00-04:00,115.09135522477258,116.40218923758042,114.71267000791833,115.90699005126953,665100,0.0,0.0
2021-10-11 00:00:00-04:00,116.246838982681,120.15992463604391,116.0623486470039,118.84909057617188,1414500,0.0,0.0
2021-10-12 00:00:00-04:00,118.305334283945,118.49953659128923,115.24672387589398,116.25655364990234,1062100,0.0,0.0
2021-10-13 00:00:00-04:00,115.56713523078874,115.71278509732385,112.59591054893619,115.3923568725586,1011000,0.0,0.0
2021-10-14 00:00:00-04:00,116.1982887619339,117.2081185316688,115.09136154296806,116.62552642822266,711100,0.0,0.0
2021-10-15 00:00:00-04:00,117.13042515206301,118.140254814401,116.3342143001507,116.38276672363281,986000,0.0,0.0
2021-10-18 00:00:00-04:00,115.64482270105566,116.45074558790378,114.3825410716898,114.94570922851562,587700,0.0,0.0
2021-10-19 00:00:00-04:00,115.64482751528288,116.88769267017811,115.29527076446102,116.36335754394531,505300,0.0,0.0
2021-10-20 00:00:00-04:00,116.25654064152,119.70354787050032,116.25654064152,118.70343017578125,623300,0.0,0.0
2021-10-21 00:00:00-04:00,119.13066892450328,119.54819458245406,118.41213157301415,119.15008544921875,449300,0.0,0.0
2021-10-22 00:00:00-04:00,119.37341264127099,120.08223059701666,119.14036990332815,119.74238586425781,364100,0.0,0.0
2021-10-25 00:00:00-04:00,119.77152349871241,120.36382753876701,118.85879863362739,119.04328155517578,407000,0.0,0.0
2021-10-26 00:00:00-04:00,119.47052607685879,120.09195864513926,118.46069630138788,119.3928451538086,374200,0.0,0.0
2021-10-27 00:00:00-04:00,119.00443643976375,119.00443643976375,116.07205225473407,116.0817642211914,582500,0.0,0.0
2021-10-28 00:00:00-04:00,116.50900090923469,117.53825457712237,116.2079966048837,117.19840240478516,515900,0.0,0.0
2021-10-29 00:00:00-04:00,116.56726748569452,118.63547201106985,116.14974179374809,118.48011016845703,633400,0.0,0.0
2021-11-01 00:00:00-04:00,118.86849954703695,120.15991699857214,118.65488073152768,119.24718475341797,691600,0.0,0.0
2021-11-02 00:00:00-04:00,120.87843915752741,122.81071293097395,119.17920811763969,121.56784057617188,1210600,0.0,0.0
2021-11-03 00:00:00-04:00,121.19887282378912,124.8886273747586,120.96583748778446,124.56819915771484,1138000,0.0,0.0
2021-11-04 00:00:00-04:00,122.34464222484172,124.37400614714694,119.62586943439906,123.10201263427734,974200,0.0,0.0
2021-11-05 00:00:00-04:00,122.86897713450008,125.78193739466053,122.5097084551847,123.86909484863281,762800,0.0,0.0
2021-11-08 00:00:00-05:00,123.68460481868614,124.28662080511246,122.11160701527976,122.32522583007812,974200,0.0,0.0
2021-11-09 00:00:00-05:00,121.98538678227018,122.71362877930018,120.91730000157165,121.05323791503906,940300,0.0,0.0
2021-11-10 00:00:00-05:00,121.40279102012559,122.48058973600493,121.30569357171655,122.033935546875,601900,0.0,0.0
2021-11-11 00:00:00-05:00,121.4707450384519,122.23782738026357,120.27643249456173,122.04363250732422,529700,0.0,0.0
2021-11-12 00:00:00-05:00,123.01819472270167,123.90503672676039,121.63431969171094,122.15083312988281,737300,0.46,0.0
2021-11-15 00:00:00-05:00,122.15084694852769,122.48219985887707,120.86443331037894,121.25425720214844,663500,0.0,0.0
2021-11-16 00:00:00-05:00,121.18603406927481,122.1411021968074,120.65977295025955,120.70850372314453,849700,0.0,0.0
2021-11-17 00:00:00-05:00,120.65976795861562,121.90719836603631,119.93859864843897,121.49788665771484,1298100,0.0,0.0
2021-11-18 00:00:00-05:00,121.84873273900199,121.84873273900199,120.58181442877245,121.32247161865234,592700,0.0,0.0
2021-11-19 00:00:00-05:00,122.29701210967191,122.94022254262643,117.32677873835578,117.4534683227539,1533800,0.0,0.0
2021-11-22 00:00:00-05:00,117.27805577442898,119.47080659313065,116.74205447990931,118.03821563720703,1033000,0.0,0.0
2021-11-23 00:00:00-05:00,118.1843924756392,121.07882473124342,117.91151800923248,120.51358795166016,1288800,0.0,0.0
2021-11-24 00:00:00-05:00,120.09452323650225,121.7805007293228,119.66571627404096,120.29917907714844,577000,0.0,0.0
2021-11-26 00:00:00-05:00,118.8178624585123,120.49409992192486,116.8784981538766,117.17086791992188,613700,0.0,0.0
2021-11-29 00:00:00-05:00,117.67763375442539,118.53524033407442,116.59587602943873,117.17086791992188,896300,0.0,0.0
2021-11-30 00:00:00-05:00,116.60560940511999,116.96619031248618,112.47349466649779,112.80484008789062,3201300,0.0,0.0
2021-12-01 00:00:00-05:00,113.45779485873508,114.15947628874189,111.12860687790615,111.17733764648438,1198300,0.0,0.0
2021-12-02 00:00:00-05:00,111.59639110732813,113.56499062885243,110.7875079772066,112.85356903076172,1349000,0.0,0.0
2021-12-03 00:00:00-05:00,113.90608837015314,115.7869815125368,112.84382603181892,113.78914642333984,1251200,0.0,0.0
2021-12-06 00:00:00-05:00,115.4361402200642,117.51194898879896,114.7734419287991,115.87469482421875,1116200,0.0,0.0
2021-12-07 00:00:00-05:00,116.30350723826155,117.57043298804784,115.44590065142397,116.47892761230469,846700,0.0,0.0
2021-12-08 00:00:00-05:00,117.34628588582454,118.39880066440291,116.40096542164083,117.77508544921875,868000,0.0,0.0
2021-12-09 00:00:00-05:00,117.25856757078249,119.24666253258883,116.79077745936328,118.59371185302734,1025200,0.0,0.0
2021-12-10 00:00:00-05:00,119.18819453245268,120.3576586872893,118.6521857909107,119.9970703125,1229100,0.0,0.0
2021-12-13 00:00:00-05:00,119.99706759586877,120.36740360355796,117.92126616568304,119.402587890625,541700,0.0,0.0
2021-12-14 00:00:00-05:00,119.11997568689671,121.96567724410622,119.11997568689671,120.16275024414062,999300,0.0,0.0
2021-12-15 00:00:00-05:00,120.03605648199348,120.8936704901777,119.35387028027601,120.62078857421875,776700,0.0,0.0
2021-12-16 00:00:00-05:00,121.1665325189306,122.7842913890105,120.377137212042,120.825439453125,840300,0.0,0.0
2021-12-17 00:00:00-05:00,121.4881301881117,123.1448720820654,120.46484361902394,121.9948959350586,1434700,0.0,0.0
2021-12-20 00:00:00-05:00,121.53685407595273,123.07665403898986,120.07502036211841,122.80377960205078,766200,0.0,0.0
2021-12-21 00:00:00-05:00,123.61267065550616,126.20499299956272,123.52496419069169,124.36308288574219,1325000,0.0,0.0
2021-12-22 00:00:00-05:00,124.1096885903512,125.3863618363741,123.38851932823593,124.5579833984375,602700,0.0,0.0
2021-12-23 00:00:00-05:00,125.03552283904239,126.6142986118888,124.49951412895791,126.23422241210938,717800,0.0,0.0
2021-12-27 00:00:00-05:00,126.61432837317315,128.78758434066665,126.30247814980385,128.5439453125,497700,0.0,0.0
2021-12-28 00:00:00-05:00,128.4074785361663,129.46975575641585,128.15409935851065,128.99221801757812,602200,0.0,0.0
2021-12-29 00:00:00-05:00,128.99220511340994,130.26887082054938,128.82653241337684,129.947265625,787700,0.0,0.0
2021-12-30 00:00:00-05:00,130.59047667716354,131.81841162685242,129.9570213579162,130.3663330078125,540100,0.0,0.0
2021-12-31 00:00:00-05:00,130.42479755104364,130.7561429364637,129.45998200704219,129.5087127685547,581000,0.0,0.0
2022-01-03 00:00:00-05:00,129.2066297737475,129.53797522817163,127.54013255442473,129.24560546875,977800,0.0,0.0
2022-01-04 00:00:00-05:00,129.40153733676593,129.88881530982815,127.21852666405137,128.01766967773438,1111400,0.0,0.0
2022-01-05 00:00:00-05:00,128.3392893424082,131.662529060965,128.3392893424082,129.12867736816406,913700,0.0,0.0
2022-01-06 00:00:00-05:00,129.29432887636736,129.61593410635956,126.84819893196607,127.13081359863281,668300,0.0,0.0
2022-01-07 00:00:00-05:00,127.77402758793235,130.0837203655775,125.62025245626718,129.73287963867188,1106600,0.0,0.0
2022-01-10 00:00:00-05:00,127.9591898157375,131.34089990363265,126.74099496766411,131.21420288085938,1197300,0.0,0.0
2022-01-11 00:00:00-05:00,131.5650463349439,133.4654273634512,131.370138129297,132.9781494140625,1572800,0.0,0.0
2022-01-12 00:00:00-05:00,132.38368595458604,132.41292144549092,130.424833711234,132.2570037841797,937300,0.0,0.0
2022-01-13 00:00:00-05:00,132.05231963797902,132.79297674159383,131.14598982186652,131.4578399658203,883600,0.0,0.0
2022-01-14 00:00:00-05:00,131.32139413352203,132.84169880320235,129.93752668110685,132.7344970703125,926900,0.0,0.0
2022-01-18 00:00:00-05:00,132.4713729096504,132.49086819089624,129.42102313381892,130.4053192138672,888400,0.0,0.0
2022-01-19 00:00:00-05:00,130.39556581181654,131.78917343373206,128.75830437534336,129.0214385986328,894000,0.0,0.0
2022-01-20 00:00:00-05:00,129.08968122585176,131.54555139027244,129.00195989312442,129.49899291992188,635700,0.0,0.0
2022-01-21 00:00:00-05:00,130.22014225809107,130.6976799572289,127.66681080065133,128.173583984375,715900,0.0,0.0
2022-01-24 00:00:00-05:00,126.77023668165714,128.6413822757483,124.68468759412963,128.2028350830078,1353900,0.0,0.0
2022-01-25 00:00:00-05:00,127.27700862648058,128.39774198209182,124.72366944888655,127.72529602050781,699900,0.0,0.0
2022-01-26 00:00:00-05:00,127.42315676053168,128.94346126114155,125.81514581654967,127.2282485961914,813700,0.0,0.0
2022-01-27 00:00:00-05:00,127.69604636716052,131.66249564465406,127.69604636716052,131.26292419433594,1266200,0.0,0.0
2022-01-28 00:00:00-05:00,131.1264937036693,133.3972106378919,129.37229018468378,133.31924438476562,858900,0.0,0.0
2022-01-31 00:00:00-05:00,132.3934114624204,133.15356379726055,131.05825990360307,132.7344970703125,1102900,0.0,0.0
2022-02-01 00:00:00-05:00,132.48112661482324,134.18659937789656,131.90614222363155,134.15736389160156,1853800,0.0,0.0
2022-02-02 00:00:00-05:00,130.91211120325778,134.47898978501348,128.6413939051634,132.61758422851562,1849900,0.0,0.0
2022-02-03 00:00:00-05:00,133.6018728603359,135.7751433558594,131.80869346457277,134.3717803955078,1114400,0.0,0.0
2022-02-04 00:00:00-05:00,132.75400278220482,134.28404777673103,131.2044625063826,133.1340789794922,1357600,0.0,0.0
2022-02-07 00:00:00-05:00,133.53365078767516,136.67172190965715,131.94511994534008,135.8628387451172,1737700,0.0,0.0
2022-02-08 00:00:00-05:00,136.01878689606568,139.3420115260668,135.38531657914976,138.620849609375,2163100,0.0,0.0
2022-02-09 00:00:00-05:00,138.85471659624085,139.9072387233561,137.44161355475427,139.2835235595703,1506100,0.0,0.0
2022-02-10 00:00:00-05:00,138.45517275027981,139.95598238970777,137.2954487754499,137.9386444091797,1359200,0.0,0.0
2022-02-11 00:00:00-05:00,138.52526367964168,138.8088147258828,137.04889158740897,137.11734008789062,1250100,0.46,0.0
2022-02-14 00:00:00-05:00,136.882669942078,137.7919548027031,134.63388023779558,137.05865478515625,1248200,0.0,0.0
2022-02-15 00:00:00-05:00,138.39819094323204,140.89141455082148,137.7039935385111,138.32974243164062,1066600,0.0,0.0
2022-02-16 00:00:00-05:00,137.8506484380114,139.84521816881573,137.63554587932296,139.55189514160156,1433000,0.0,0.0
2022-02-17 00:00:00-05:00,138.93593726429958,140.13854530016576,138.24173991019654,138.94570922851562,1344000,0.0,0.0
2022-02-18 00:00:00-05:00,138.9359503259797,141.00874078088168,137.87020936506298,138.34930419921875,1099300,0.0,0.0
2022-02-22 00:00:00-05:00,138.4861601763393,138.83814480217634,136.05159860438067,137.43020629882812,985400,0.0,0.0
2022-02-23 00:00:00-05:00,138.0852922109986,138.57415894040568,136.12005332963238,136.36448669433594,1095200,0.0,0.0
2022-02-24 00:00:00-05:00,134.50679285395447,134.85876256054146,131.70068781232,134.7903289794922,1807900,0.0,0.0
2022-02-25 00:00:00-05:00,136.12982802759814,139.18036662530926,136.12982802759814,138.7599334716797,1082000,0.0,0.0
2022-02-28 00:00:00-05:00,136.20803580028894,139.5323382685882,135.3085228742393,139.35633850097656,1241200,0.0,0.0
2022-03-01 00:00:00-05:00,139.26837386788793,140.13855615948637,137.2151273771799,138.808837890625,952600,0.0,0.0
2022-03-02 00:00:00-05:00,139.4736747660225,140.90117220926732,139.0141388375208,139.81588745117188,1008200,0.0,0.0
2022-03-03 00:00:00-05:00,140.42208302095628,142.4851013398143,140.27542896093087,142.23089599609375,721100,0.0,0.0
2022-03-04 00:00:00-05:00,140.30475147079497,144.2254572734491,139.9038771717401,144.0201416015625,1059400,0.0,0.0
2022-03-07 00:00:00-05:00,143.6192550874119,145.11518596003978,141.56600902900672,141.61489868164062,1411500,0.0,0.0
2022-03-08 00:00:00-05:00,141.21403245233444,143.22817585466183,139.9429909256896,141.19448852539062,1282600,0.0,0.0
2022-03-09 00:00:00-05:00,143.1890757706089,143.89304512188602,141.7713651033811,142.5828857421875,1458300,0.0,0.0
2022-03-10 00:00:00-05:00,141.86911626755978,144.36232439618973,141.18469098147688,142.915283203125,1311400,0.0,0.0
2022-03-11 00:00:00-05:00,142.83708710578708,144.24502576902015,141.24339160476407,141.34115600585938,1041300,0.0,0.0
2022-03-14 00:00:00-04:00,142.73931068195307,143.09129531811413,140.0016540583701,142.89573669433594,1033500,0.0,0.0
2022-03-15 00:00:00-04:00,143.69750803397343,148.17552970130185,143.26730286398097,148.0190887451172,1843000,0.0,0.0
2022-03-16 00:00:00-04:00,148.30261366008673,149.64211873201177,145.01744334391037,147.14889526367188,1002200,0.0,0.0
2022-03-17 00:00:00-04:00,146.68934021828073,149.00656359286864,146.3569144441849,148.81101989746094,1291300,0.0,0.0
2022-03-18 00:00:00-04:00,148.8208243762385,149.05547087086137,146.7675780341118,148.61549377441406,2036700,0.0,0.0
2022-03-21 00:00:00-04:00,149.2021385124846,152.29176504323465,149.05546953562973,149.7692108154297,1049300,0.0,0.0
2022-03-22 00:00:00-04:00,150.385166194436,151.22601748348023,148.23415577937752,148.7230224609375,1057600,0.0,0.0
2022-03-23 00:00:00-04:00,148.62526799841848,149.16302442182112,147.18799852088304,148.1559600830078,1038300,0.0,0.0
2022-03-24 00:00:00-04:00,149.08480392997697,149.46611940851645,147.9212986465019,149.2119140625,696800,0.0,0.0
2022-03-25 00:00:00-04:00,149.43680750716342,151.88114163251888,149.30971227758639,151.24562072753906,760600,0.0,0.0
2022-03-28 00:00:00-04:00,150.6198468753346,151.35314699165167,149.11412894850724,151.28469848632812,676500,0.0,0.0
2022-03-29 00:00:00-04:00,151.6464756157198,151.89090899684183,149.96477276007786,151.58779907226562,869700,0.0,0.0
2022-03-30 00:00:00-04:00,151.9691135484379,152.7708621943681,150.47318245935298,151.68557739257812,751700,0.0,0.0
2022-03-31 00:00:00-04:00,151.20647543725036,153.4454934421951,150.62961626948965,151.26515197753906,1052400,0.0,0.0
2022-04-01 00:00:00-04:00,151.4802283722882,153.953907597694,150.6393919712685,153.0348358154297,822800,0.0,0.0
2022-04-04 00:00:00-04:00,152.53619910224742,152.53619910224742,150.40474721747833,151.30426025390625,994300,0.0,0.0
2022-04-05 00:00:00-04:00,151.17714772181898,154.24723028918376,151.17714772181898,152.29176330566406,707600,0.0,0.0
2022-04-06 00:00:00-04:00,151.99844080650757,155.34228724154332,151.99844080650757,154.61875915527344,922100,0.0,0.0
2022-04-07 00:00:00-04:00,154.60899133741947,160.16251003273143,154.01257335114573,159.29232788085938,1653500,0.0,0.0
2022-04-08 00:00:00-04:00,159.87897913793591,163.18370807914408,159.40965633666409,161.7562255859375,2019600,0.0,0.0
2022-04-11 00:00:00-04:00,162.0104255006443,162.7143947600012,158.37325596697627,159.02833557128906,1420700,0.0,0.0
2022-04-12 00:00:00-04:00,157.60087163699015,159.5172210199716,155.95827153254766,158.9990234375,1100800,0.0,0.0
2022-04-13 00:00:00-04:00,159.00878235561757,160.49492633275165,157.7768287641964,159.33143615722656,1075400,0.0,0.0
2022-04-14 00:00:00-04:00,159.6540794364727,160.64159971317542,156.9164378668729,157.6204071044922,2988800,0.0,0.0
2022-04-18 00:00:00-04:00,156.76976699660395,159.0967772214453,156.76976699660395,158.29502868652344,940300,0.0,0.0
2022-04-19 00:00:00-04:00,158.76435631446293,159.82031019037015,158.0114974094218,159.22389221191406,905700,0.0,0.0
2022-04-20 00:00:00-04:00,160.00609205618454,162.76330787254122,160.00609205618454,162.03977966308594,924300,0.0,0.0
2022-04-21 00:00:00-04:00,162.0006606879153,163.46726088980625,160.4558400183068,161.3455810546875,928800,0.0,0.0
2022-04-22 00:00:00-04:00,159.85942595859743,159.92787446417853,155.26408152952615,155.45962524414062,1301500,0.0,0.0
2022-04-25 00:00:00-04:00,154.83390072857978,155.3227675514259,151.9789202734423,154.9414520263672,1444400,0.0,0.0
2022-04-26 00:00:00-04:00,154.40367586025303,158.08973541209068,153.59215524746475,153.74859619140625,1409200,0.0,0.0
2022-04-27 00:00:00-04:00,153.89524191695895,155.69428283679062,151.9202310530254,153.95391845703125,915300,0.0,0.0
2022-04-28 00:00:00-04:00,154.30590578048194,155.38140366268055,153.54325993659296,154.23745727539062,1060800,0.0,0.0
2022-04-29 00:00:00-04:00,153.4650730897316,153.70950649079774,147.35423806307838,147.9213104248047,2057100,0.0,0.0
2022-05-02 00:00:00-04:00,148.87949308625693,149.49545508298993,144.55791254924387,145.65296936035156,2102600,0.0,0.0
2022-05-03 00:00:00-04:00,146.06360136117354,148.37105292935664,145.87782961626024,147.40309143066406,1766300,0.0,0.0
2022-05-04 00:00:00-04:00,150.21894367873062,153.6703410356673,146.65022309983274,153.29879760742188,2816100,0.0,0.0
2022-05-05 00:00:00-04:00,151.42158466685623,153.07395669395518,150.0038740541659,151.73446655273438,1543100,0.0,0.0
2022-05-06 00:00:00-04:00,150.96203905757312,155.62583180206516,150.60028245433506,155.46939086914062,1880100,0.0,0.0
2022-05-09 00:00:00-04:00,154.73608876148032,156.02670406272938,153.12283455394729,153.81703186035156,1936800,0.0,0.0
2022-05-10 00:00:00-04:00,154.43300977317298,157.2879899217965,153.90504022555643,156.09515380859375,1779100,0.0,0.0
2022-05-11 00:00:00-04:00,156.19292985961442,160.94471536478076,155.6160706632352,157.7084197998047,1904200,0.0,0.0
2022-05-12 00:00:00-04:00,145.37919660402304,148.35149988173512,142.38733447896902,148.2341766357422,5495900,0.0,0.0
2022-05-13 00:00:00-04:00,148.9501019951594,151.0782389335477,147.2632811562135,149.94061279296875,1974500,0.46,0.0
2022-05-16 00:00:00-04:00,150.8526596461674,153.53979262353604,150.3328701292774,151.56857299804688,1613800,0.0,0.0
2022-05-17 00:00:00-04:00,152.66696103127776,154.45185850999164,149.71503246774833,153.90264892578125,1987300,0.0,0.0
2022-05-18 00:00:00-04:00,153.90268106913697,154.52053262764568,147.87132572979624,148.19496154785156,2040500,0.0,0.0
2022-05-19 00:00:00-04:00,146.54736027766933,147.5280694221557,143.99752548066516,146.4983367919922,1373700,0.0,0.0
2022-05-20 00:00:00-04:00,146.70426792375483,148.7539463128164,145.22340259774808,147.2828826904297,2256100,0.0,0.0
2022-05-23 00:00:00-04:00,148.97950369773545,150.96052504904213,147.81245762541667,149.75425720214844,975700,0.0,0.0
2022-05-24 00:00:00-04:00,150.0484640984361,150.74477401291554,147.1945975623555,150.12692260742188,1002000,0.0,0.0
2022-05-25 00:00:00-04:00,149.7444689761576,152.01970621705019,148.9206769560637,151.2939910888672,1424300,0.0,0.0
2022-05-26 00:00:00-04:00,154.1380306431995,155.0697011937183,152.47082834788716,152.79446411132812,1601500,0.0,0.0
2022-05-27 00:00:00-04:00,152.52967012214899,154.0105353302866,151.56857948872872,153.83401489257812,1650200,0.0,0.0
2022-05-31 00:00:00-04:00,152.99061967405,153.36329392084903,150.76440582593116,151.803955078125,4329600,0.0,0.0
2022-06-01 00:00:00-04:00,153.4515524650501,153.86344848699895,142.56567558342692,147.1161651611328,2730400,0.0,0.0
2022-06-02 00:00:00-04:00,147.02789516518408,147.42018775366438,142.8010416636718,145.35089111328125,1409500,0.0,0.0
2022-06-03 00:00:00-04:00,144.8016994327311,146.0374025340279,143.9681056372247,144.19366455078125,875500,0.0,0.0
2022-06-06 00:00:00-04:00,144.3505664137541,145.0566781217722,143.34043729675673,144.0563507080078,796600,0.0,0.0
2022-06-07 00:00:00-04:00,144.88996768504967,146.84156921497853,143.57580611931522,146.6748504638672,1039900,0.0,0.0
2022-06-08 00:00:00-04:00,145.96875826752336,145.96875826752336,143.31104463310928,143.59544372558594,847600,0.0,0.0
2022-06-09 00:00:00-04:00,142.58529870781342,143.9288654168888,141.11423502420666,141.18289184570312,938800,0.0,0.0
2022-06-10 00:00:00-04:00,139.790263722806,143.12468352680824,139.4862463065693,141.66342163085938,1164200,0.0,0.0
2022-06-13 00:00:00-04:00,139.48625788331861,141.07501687836205,138.27018811744335,138.7899627685547,1437900,0.0,0.0
2022-06-14 00:00:00-04:00,138.7801321396444,139.87853645036105,137.3973437534947,138.48593139648438,1220700,0.0,0.0
2022-06-15 00:00:00-04:00,138.55458332759585,141.40845045931346,138.36824620041767,139.56471252441406,1309500,0.0,0.0
2022-06-16 00:00:00-04:00,138.09363783883765,139.30972243836982,136.15183812530915,138.24075317382812,1136100,0.0,0.0
2022-06-17 00:00:00-04:00,138.79974941794777,140.00601734870494,137.171768817927,137.9661407470703,2942100,0.0,0.0
2022-06-21 00:00:00-04:00,137.95633564527563,141.63399445954857,137.3483008432674,140.49636840820312,1210600,0.0,0.0
2022-06-22 00:00:00-04:00,140.0550538328854,142.73238528810901,139.84911331717782,142.22242736816406,969900,0.0,0.0
2022-06-23 00:00:00-04:00,143.09525805022733,143.56599419422926,140.8592426606779,141.81053161621094,1028800,0.0,0.0
2022-06-24 00:00:00-04:00,142.7618357964968,146.13546264679331,140.4375449734732,145.59608459472656,4123400,0.0,0.0
2022-06-27 00:00:00-04:00,145.4489665187458,146.83176996300068,144.95861196101856,146.34141540527344,1138400,0.0,0.0
2022-06-28 00:00:00-04:00,146.02755892721862,147.10634477467207,140.38848237752288,140.42771911621094,1731800,0.0,0.0
2022-06-29 00:00:00-04:00,141.11419801797206,141.66339258818667,140.08445071660478,140.8101806640625,1220300,0.0,0.0
2022-06-30 00:00:00-04:00,139.54510447381688,140.712150807681,138.09365905836216,138.750732421875,1299400,0.0,0.0
2022-07-01 00:00:00-04:00,139.11356941725379,140.7023131147762,136.61275862210977,140.37867736816406,985400,0.0,0.0
2022-07-05 00:00:00-04:00,139.50587570707853,139.82951152026817,135.57323742759368,137.99559020996094,1030100,0.0,0.0
2022-07-06 00:00:00-04:00,137.58365001257815,138.99587327437283,136.84811831076266,137.142333984375,1525100,0.0,0.0
2022-07-07 00:00:00-04:00,137.74059812257957,139.1822417806794,137.3679388186947,138.07403564453125,942100,0.0,0.0
2022-07-08 00:00:00-04:00,138.27996221857543,141.27112751477125,137.9955632068727,139.80006408691406,987900,0.0,0.0
2022-07-11 00:00:00-04:00,138.09365504287055,139.7216358472154,136.85796688294064,138.5938262939453,1086900,0.0,0.0
2022-07-12 00:00:00-04:00,138.44670867906254,141.0357802321708,137.88771224599975,138.6526641845703,812600,0.0,0.0
2022-07-13 00:00:00-04:00,137.43656650844912,138.44669563896852,136.34797885771823,136.4264373779297,836000,0.0,0.0
2022-07-14 00:00:00-04:00,134.41598056895137,137.26004580467685,133.70986885280107,136.8383331298828,1279000,0.0,0.0
2022-07-15 00:00:00-04:00,138.79974879989493,139.53528057759428,137.19138657790302,139.4764404296875,977100,0.0,0.0
2022-07-18 00:00:00-04:00,139.6137553585264,139.9766129558388,137.11294403016703,137.69155883789062,763700,0.0,0.0
2022-07-19 00:00:00-04:00,139.0743596456102,140.63368357437366,138.3682478732581,140.3296661376953,648300,0.0,0.0
2022-07-20 00:00:00-04:00,140.30023398803903,140.30023398803903,137.79942292318978,138.76052856445312,514200,0.0,0.0
2022-07-21 00:00:00-04:00,138.65264626708264,139.48623995681137,136.92658881177215,139.39797973632812,810400,0.0,0.0
2022-07-22 00:00:00-04:00,140.70232655951065,141.11422255880345,138.7311067848025,139.75103759765625,675300,0.0,0.0
2022-07-25 00:00:00-04:00,140.32966762210663,142.94815923709672,140.12372708224518,141.3692169189453,600000,0.0,0.0
2022-07-26 00:00:00-04:00,141.78115013561236,142.56570560102912,141.0750382451882,142.39898681640625,696500,0.0,0.0
2022-07-27 00:00:00-04:00,141.62419755152064,142.65394504726746,139.7902614515648,142.27146911621094,802000,0.0,0.0
2022-07-28 00:00:00-04:00,142.09493561681552,143.22274505410613,140.42773320169482,142.76182556152344,639200,0.0,0.0
2022-07-29 00:00:00-04:00,142.53625340114604,143.44832062260662,141.97725700977523,143.1148681640625,682200,0.0,0.0
2022-08-01 00:00:00-04:00,142.6931704446453,144.68400867018914,142.1537774603872,143.1148681640625,1077900,0.0,0.0
2022-08-02 00:00:00-04:00,143.4875509371947,143.87984356927993,139.73143315991894,140.05506896972656,1387200,0.0,0.0
2022-08-03 00:00:00-04:00,140.28061571078234,141.8399544708404,134.4453998651898,136.3185577392578,2622100,0.0,0.0
2022-08-04 00:00:00-04:00,138.58401420048583,143.57582042055293,136.37741850776564,136.5833740234375,1576200,0.0,0.0
2022-08-05 00:00:00-04:00,136.10280682393014,138.5938163019631,136.10280682393014,138.58399963378906,982500,0.0,0.0
2022-08-08 00:00:00-04:00,138.81937006128913,139.53528348311613,137.65232388872911,137.9073028564453,1127100,0.0,0.0
2022-08-09 00:00:00-04:00,138.93704196046917,143.04621505668044,138.65264293537962,141.92820739746094,1395900,0.0,0.0
2022-08-10 00:00:00-04:00,142.60490296552635,143.95827124467576,141.9478297142833,142.77162170410156,772200,0.0,0.0
2022-08-11 00:00:00-04:00,142.00666431592276,145.44894747322917,141.2907509454262,145.36068725585938,1138400,0.0,0.0
2022-08-12 00:00:00-04:00,145.75421339811825,148.17426004119687,145.37054673465357,148.05621337890625,880900,0.46,0.0
2022-08-15 00:00:00-04:00,147.2593765466055,149.02030440444094,145.84275647653715,148.37103271484375,1021900,0.0,0.0
2022-08-16 00:00:00-04:00,148.02669552214533,150.50578040370215,147.55449388171243,150.18113708496094,966000,0.0,0.0
2022-08-17 00:00:00-04:00,149.53186855215898,150.85995365226103,147.00359225358554,147.1019744873047,852700,0.0,0.0
2022-08-18 00:00:00-04:00,147.48563177888346,148.02670400780252,145.37054898795114,147.47579956054688,552900,0.0,0.0
2022-08-19 00:00:00-04:00,148.07589528405595,150.07293141305985,147.62335805273045,149.56137084960938,902000,0.0,0.0
2022-08-22 00:00:00-04:00,149.03996201842872,149.53184308119583,146.25591340184474,146.5707244873047,568900,0.0,0.0
2022-08-23 00:00:00-04:00,146.13786304936139,146.8166613005524,145.26231538025,145.61647033691406,552800,0.0,0.0
2022-08-24 00:00:00-04:00,145.97063241093082,146.32478738486307,144.74092972519654,145.82305908203125,455200,0.0,0.0
2022-08-25 00:00:00-04:00,145.8624107754622,148.0758755005438,145.40004138756368,147.9774932861328,747100,0.0,0.0
2022-08-26 00:00:00-04:00,148.01687695931568,148.51859031037128,143.65880232073698,143.8162078857422,766700,0.0,0.0
2022-08-29 00:00:00-04:00,142.65535170123923,146.37397162895343,142.05525615676575,145.0950927734375,892600,0.0,0.0
2022-08-30 00:00:00-04:00,144.4949789864466,145.36067940859056,142.79305978161509,143.06851196289062,859700,0.0,0.0
2022-08-31 00:00:00-04:00,143.26528420303603,145.21312902289267,143.19641364845106,144.18017578125,1079100,0.0,0.0
2022-09-01 00:00:00-04:00,144.1801663328844,145.31150171807622,142.99965485309033,145.21311950683594,659000,0.0,0.0
2022-09-02 00:00:00-04:00,145.6459836941703,147.93815121661567,144.7212449070615,145.31150817871094,698400,0.0,0.0
2022-09-06 00:00:00-04:00,145.63614507474156,146.6002428094926,143.1373957672275,143.64895629882812,861600,0.0,0.0
2022-09-07 00:00:00-04:00,143.53089112447526,145.81322650892142,142.61599953380923,145.43939208984375,662400,0.0,0.0
2022-09-08 00:00:00-04:00,145.1344243745628,146.36412702466316,144.51464943538625,145.14425659179688,752900,0.0,0.0
2022-09-09 00:00:00-04:00,145.14425180631702,145.6164684163198,144.24903971493376,144.87864685058594,854700,0.0,0.0
2022-09-12 00:00:00-04:00,145.6558159113243,147.08226797162214,144.76058878669613,145.31150817871094,825300,0.0,0.0
2022-09-13 00:00:00-04:00,143.96376208650892,144.2392143118468,138.11037978154843,138.6907958984375,1274400,0.0,0.0
2022-09-14 00:00:00-04:00,138.6711496940865,139.56636203862664,136.77248052227776,137.83494567871094,1072000,0.0,0.0
2022-09-15 00:00:00-04:00,138.61206139401818,138.64157305347715,137.1069067175426,137.53976440429688,1103900,0.0,0.0
2022-09-16 00:00:00-04:00,137.41190835514598,138.7891845566657,136.86100387894658,138.26779174804688,2818200,0.0,0.0
2022-09-19 00:00:00-04:00,137.26434157869002,138.41534157663727,136.80197213365733,138.0906982421875,1735000,0.0,0.0
2022-09-20 00:00:00-04:00,137.41189507254356,137.95296727758833,135.90674012734064,136.64456176757812,898000,0.0,0.0
2022-09-21 00:00:00-04:00,137.65782206407934,139.94998953536242,136.851144955917,136.86097717285156,977000,0.0,0.0
2022-09-22 00:00:00-04:00,136.8314823153156,138.68096007538648,136.42813620619037,137.73654174804688,707800,0.0,0.0
2022-09-23 00:00:00-04:00,137.0577385013437,137.19546459040518,133.16203410771905,134.97215270996094,1095100,0.0,0.0
2022-09-26 00:00:00-04:00,134.14581854647696,135.05087799853052,133.49653187075796,134.135986328125,1271300,0.0,0.0
2022-09-27 00:00:00-04:00,134.79511466932627,135.76902974014132,132.97514840829425,133.2407684326172,1058100,0.0,0.0
2022-09-28 00:00:00-04:00,134.88362757845536,136.93968684784093,133.6244132404859,136.1625213623047,1078000,0.0,0.0
2022-09-29 00:00:00-04:00,136.1526874683247,136.1526874683247,133.0636746474911,133.86053466796875,1123000,0.0,0.0
2022-09-30 00:00:00-04:00,134.38192001555703,135.25746775677015,132.94562062552336,133.13253784179688,1337600,0.0,0.0
2022-10-03 00:00:00-04:00,134.0572671250267,137.48075506965088,133.6047299489296,137.0478973388672,1016400,0.0,0.0
2022-10-04 00:00:00-04:00,137.74638172925,140.53043044100687,137.30369175983,140.41236877441406,1074400,0.0,0.0
2022-10-05 00:00:00-04:00,139.5368215943994,141.1895498339354,138.80884720084677,140.1369171142578,728000,0.0,0.0
2022-10-06 00:00:00-04:00,139.83193826145063,140.06804655923193,137.3528536733089,137.63815307617188,938800,0.0,0.0
2022-10-07 00:00:00-04:00,136.5461878162932,137.00855722223685,134.64751908339338,135.11973571777344,1034600,0.0,0.0
2022-10-10 00:00:00-04:00,135.44436878760746,136.87083594742322,134.87379993690456,135.38534545898438,1024900,0.0,0.0
2022-10-11 00:00:00-04:00,137.1069207955869,140.93375481221258,137.1069207955869,139.408935546875,1582600,0.0,0.0
2022-10-12 00:00:00-04:00,140.4222289962909,140.96328622507966,136.58554721393196,136.68392944335938,1418700,0.0,0.0
2022-10-13 00:00:00-04:00,134.627863025959,140.25498400881554,133.86052971111673,139.74342346191406,1007100,0.0,0.0
2022-10-14 00:00:00-04:00,140.9829579714021,141.36662462757658,137.49059917180273,138.3169708251953,731100,0.0,0.0
2022-10-17 00:00:00-04:00,139.15314763005327,141.1501835149511,139.15314763005327,140.06805419921875,961700,0.0,0.0
2022-10-18 00:00:00-04:00,141.87816231075558,142.8914360089393,140.82552972488503,141.6519012451172,836500,0.0,0.0
2022-10-19 00:00:00-04:00,141.563363982103,142.488102782666,139.51715196892292,140.66815185546875,569800,0.0,0.0
2022-10-20 00:00:00-04:00,141.00264089201534,141.00264089201534,139.28105700581764,140.4517364501953,877600,0.0,0.0
2022-10-21 00:00:00-04:00,140.1565933047136,145.9804633729406,140.1565933047136,145.3311767578125,1538300,0.0,0.0
2022-10-24 00:00:00-04:00,146.7674924764348,148.2824797365565,145.7050274451328,147.6627197265625,1177100,0.0,0.0
2022-10-25 00:00:00-04:00,146.619908678261,150.40739907504653,146.39364757998365,150.2893524169922,1078100,0.0,0.0
2022-10-26 00:00:00-04:00,151.46985170835038,152.82744820961156,150.97797065844628,152.17816162109375,909800,0.0,0.0
2022-10-27 00:00:00-04:00,152.82745783449352,155.54263599699607,152.82745783449352,153.36851501464844,985700,0.0,0.0
2022-10-28 00:00:00-04:00,153.77188804643168,156.81171005625475,153.535794693294,156.72317504882812,848200,0.0,0.0
2022-10-31 00:00:00-04:00,155.80825141707842,156.86086909358437,153.87023881432359,154.66708374023438,1045500,0.0,0.0
2022-11-01 00:00:00-04:00,154.8146306596086,154.99171563623042,152.2273466479481,153.7816925048828,1154000,0.0,0.0
2022-11-02 00:00:00-04:00,153.4373865899378,155.67053091505414,152.25687499018704,152.2962188720703,1196000,0.0,0.0
2022-11-03 00:00:00-04:00,150.50578561301572,156.9297516306784,148.4005350882368,155.2770233154297,1748600,0.0,0.0
2022-11-04 00:00:00-04:00,157.37243876789955,164.5735701944664,156.7133199017849,159.01531982421875,2719300,0.0,0.0
2022-11-07 00:00:00-05:00,159.31043218048546,160.95331303774344,157.94300350222775,159.37928771972656,1393600,0.0,0.0
2022-11-08 00:00:00-05:00,152.39460397739583,157.54950822976932,152.39460397739583,157.06747436523438,8144900,0.0,0.0
2022-11-09 00:00:00-05:00,157.06746946111667,159.7531359444501,155.24750346774385,155.621337890625,1980700,0.0,0.0
2022-11-10 00:00:00-05:00,159.07015201786024,159.2083016742832,151.74819011307594,152.9520721435547,4479300,0.485,0.0
2022-11-11 00:00:00-05:00,153.46521943913996,153.79086117027958,145.15646923867996,150.98837280273438,2944500,0.0,0.0
2022-11-14 00:00:00-05:00,150.9785001259814,154.76776082914472,150.9785001259814,152.68563842773438,2006800,0.0,0.0
2022-11-15 00:00:00-05:00,152.77446878035337,154.2053078387506,149.69568112223882,150.76141357421875,1641300,0.0,0.0
2022-11-16 00:00:00-05:00,151.68899603137524,154.60987899076062,151.68899603137524,153.74151611328125,1213700,0.0,0.0
2022-11-17 00:00:00-05:00,152.95207643681732,156.87948682866738,152.86326916744906,156.82028198242188,1658900,0.0,0.0
2022-11-18 00:00:00-05:00,157.88601345486111,159.85958862304688,157.00777310730578,159.85958862304688,1579700,0.0,0.0
2022-11-21 00:00:00-05:00,159.8595884924555,161.01412815803894,157.70839878833846,158.1820526123047,1405200,0.0,0.0
2022-11-22 00:00:00-05:00,160.27403105173602,163.3034760385478,159.84971963536415,162.53378295898438,1268800,0.0,0.0
2022-11-23 00:00:00-05:00,162.75086273370874,164.0534295218716,161.99104716446342,163.3429412841797,916100,0.0,0.0
2022-11-25 00:00:00-05:00,164.37908611390245,165.70137793163116,163.7672825982456,165.48428344726562,915000,0.0,0.0
2022-11-28 00:00:00-05:00,164.92180831645612,166.37238722187618,164.69483633841733,164.96127319335938,1674100,0.0,0.0
2022-11-29 00:00:00-05:00,164.82314018669604,166.3724040266352,164.27054151113558,165.681640625,1680400,0.0,0.0
2022-11-30 00:00:00-05:00,164.97114969787293,168.97752014658255,164.5961806352173,168.43478393554688,2275800,0.0,0.0
2022-12-01 00:00:00-05:00,168.73082224186498,169.89522441759277,167.54666504034506,169.36236572265625,1144800,0.0,0.0
2022-12-02 00:00:00-05:00,169.14524855898145,172.32270550548316,168.92815410495842,171.691162109375,1529900,0.0,0.0
2022-12-05 00:00:00-05:00,170.882011039278,170.882011039278,168.6321364611583,169.01698303222656,1336700,0.0,0.0
2022-12-06 00:00:00-05:00,169.09592584611977,169.7274693157048,166.31317755198373,167.0828857421875,953500,0.0,0.0
2022-12-07 00:00:00-05:00,167.76373976327199,169.51035787832097,167.51704288487682,168.0400390625,1224400,0.0,0.0
2022-12-08 00:00:00-05:00,168.76040805740178,169.42155389744508,167.38877398924393,168.2078094482422,882200,0.0,0.0
2022-12-09 00:00:00-05:00,163.32322918516135,164.72446593270766,162.34631898453162,163.14561462402344,2979500,0.0,0.0
2022-12-12 00:00:00-05:00,163.79688588978323,164.9908905029297,162.8594255854313,164.9908905029297,1401700,0.0,0.0
2022-12-13 00:00:00-05:00,165.701363759997,165.701363759997,162.06011528759313,162.84954833984375,1735500,0.0,0.0
2022-12-14 00:00:00-05:00,163.28376505480847,164.201470405958,162.07988283314722,163.08641052246094,2024500,0.0,0.0
2022-12-15 00:00:00-05:00,162.1686559219778,163.59949480129686,161.57659244976776,163.41201782226562,1848000,0.0,0.0
2022-12-16 00:00:00-05:00,162.86930285539086,164.86261810251298,162.28710176200858,164.5863037109375,2909900,0.0,0.0
2022-12-19 00:00:00-05:00,164.81326561288134,166.52040390804578,164.16198219720582,165.0106201171875,1476500,0.0,0.0
2022-12-20 00:00:00-05:00,165.33627015637876,166.38226263337452,164.8428763421593,165.16851806640625,1078800,0.0,0.0
2022-12-21 00:00:00-05:00,166.0270157695775,167.58614200387456,164.82313367799605,167.0828857421875,1159100,0.0,0.0
2022-12-22 00:00:00-05:00,167.0927436643417,168.79988197129396,165.85925918243152,167.03353881835938,962400,0.0,0.0
2022-12-23 00:00:00-05:00,166.97433016427357,168.1880746507805,166.60920852707045,167.7637481689453,528000,0.0,0.0
2022-12-27 00:00:00-05:00,167.75387735761834,168.05977907776833,166.55985784067732,166.76708984375,740300,0.0,0.0
2022-12-28 00:00:00-05:00,167.3197029000175,167.68480949339826,164.91193874898104,165.14877319335938,804700,0.0,0.0
2022-12-29 00:00:00-05:00,165.78032729068144,166.3131860032402,163.6587398392996,163.85609436035156,1480000,0.0,0.0
2022-12-30 00:00:00-05:00,163.84619548348238,164.0336875240496,162.07985242317866,163.52056884765625,1209700,0.0,0.0
2023-01-03 00:00:00-05:00,162.56337488344622,162.81007175345783,160.68846963704866,162.1193084716797,1940900,0.0,0.0
2023-01-04 00:00:00-05:00,162.54365698082339,162.7311490366307,159.71158134697419,160.7180938720703,1912200,0.0,0.0
2023-01-05 00:00:00-05:00,160.32338244852156,161.2509652009301,159.08989794950676,160.92532348632812,1610100,0.0,0.0
2023-01-06 00:00:00-05:00,162.45483650431314,164.2606594979904,161.68514343254026,163.52056884765625,1216400,0.0,0.0
2023-01-09 00:00:00-05:00,164.0139816011913,165.50402552910256,162.7607570722047,162.7903594970703,1323500,0.0,0.0
2023-01-10 00:00:00-05:00,163.62913305644844,165.73098048259604,162.7212751808537,165.0500946044922,1126600,0.0,0.0
2023-01-11 00:00:00-05:00,165.48426498231456,166.60920215887563,162.58310724876682,163.2047882080078,1225800,0.0,0.0
2023-01-12 00:00:00-05:00,163.07651183517098,163.77713764980044,161.9515745839453,162.7212677001953,1041600,0.0,0.0
2023-01-13 00:00:00-05:00,162.1489464889593,163.81660489345617,161.99105685842747,162.10946655273438,1390700,0.0,0.0
2023-01-17 00:00:00-05:00,162.1094680450063,163.15546050683662,161.56673184579697,161.99105834960938,1264600,0.0,0.0
2023-01-18 00:00:00-05:00,161.84303533541052,162.34630666815855,160.76744042206914,160.7970428466797,1139800,0.0,0.0
2023-01-19 00:00:00-05:00,160.80691037773275,162.326556623086,160.16548941755636,160.78717041015625,1358000,0.0,0.0
2023-01-20 00:00:00-05:00,161.7147516711324,162.14894061076288,159.13923551303657,160.0668182373047,1612900,0.0,0.0
2023-01-23 00:00:00-05:00,160.55034539694842,161.39898336636062,159.34646327621982,159.5832977294922,1107600,0.0,0.0
2023-01-24 00:00:00-05:00,159.0109573544205,159.89906019440542,155.5572006655259,159.297119140625,1087800,0.0,0.0
2023-01-25 00:00:00-05:00,159.13922591325024,161.3200178777736,159.09974598083812,161.30029296875,1110300,0.0,0.0
2023-01-26 00:00:00-05:00,161.5667381357645,163.01731718958564,160.64903284634295,162.7311553955078,1067300,0.0,0.0
2023-01-27 00:00:00-05:00,163.42189737866377,164.45802738493902,161.5075269980985,161.99105834960938,1626500,0.0,0.0
2023-01-30 00:00:00-05:00,162.28709407294903,164.08303966140014,162.21801171403212,163.1258544921875,1175700,0.0,0.0
2023-01-31 00:00:00-05:00,164.9613026678298,166.93487812364953,163.68835312398784,166.7276611328125,2114600,0.0,0.0
2023-02-01 00:00:00-05:00,165.92833274554454,166.3526592530705,158.08337415597677,158.92214965820312,2352100,0.0,0.0
2023-02-02 00:00:00-05:00,159.36618570717414,159.6819649434534,155.63613005742604,156.376220703125,2643100,0.0,0.0
2023-02-03 00:00:00-05:00,157.2446193674072,157.60972598266616,153.84018990064504,154.6592254638672,1501500,0.0,0.0
2023-02-06 00:00:00-05:00,155.14276348679337,155.50787011770169,152.1330579886449,152.44883728027344,1560000,0.0,0.0
2023-02-07 00:00:00-05:00,152.19225558164655,155.21182339217435,150.9883734398148,154.7184295654297,1511600,0.0,0.0
2023-02-08 00:00:00-05:00,154.39281572316972,156.3959936216816,153.73165469005394,155.7644500732422,1009500,0.0,0.0
2023-02-09 00:00:00-05:00,156.09601733128918,156.5018508124878,153.37398780707852,153.4432830810547,1057700,0.485,0.0
2023-02-10 00:00:00-05:00,154.14606735287865,157.57088236982833,153.86891643862745,157.41250610351562,1313600,0.0,0.0
2023-02-13 00:00:00-05:00,157.27391602520422,158.29343860147375,156.54143718929797,156.99676513671875,1419500,0.0,0.0
2023-02-14 00:00:00-05:00,157.6599453762545,158.590386955244,155.4130295529065,155.7594757080078,1100700,0.0,0.0
2023-02-15 00:00:00-05:00,155.0170969557931,157.6401373694487,154.413300752553,157.19471740722656,1483600,0.0,0.0
2023-02-16 00:00:00-05:00,156.54143455008034,159.21398466391753,155.8584652958497,158.8378448486328,1609300,0.0,0.0
2023-02-17 00:00:00-05:00,159.0654998621432,161.92610475477292,158.33303614864437,159.84747314453125,1991200,0.0,0.0
2023-02-21 00:00:00-05:00,159.16448453589567,160.27308803170834,158.5408875177061,159.20407104492188,1239400,0.0,0.0
2023-02-22 00:00:00-05:00,159.35255040369296,159.96623945140132,157.63024278464079,158.5012969970703,945300,0.0,0.0
2023-02-23 00:00:00-05:00,158.2241469429117,159.66928859885934,156.87797910932795,157.87770080566406,848500,0.0,0.0
2023-02-24 00:00:00-05:00,157.57087295368933,158.07568028085362,153.76002545507657,156.95718383789062,1101200,0.0,0.0
2023-02-27 00:00:00-05:00,157.2442098320136,157.70943059422936,154.0074653022712,155.03689575195312,1010200,0.0,0.0
2023-02-28 00:00:00-05:00,154.4133103411746,155.02699943374054,153.18591705245214,153.977783203125,1852900,0.0,0.0
2023-03-01 00:00:00-05:00,153.49276523865132,155.2744450651115,152.94835635674875,154.91810607910156,965500,0.0,0.0
2023-03-02 00:00:00-05:00,154.89834828249695,155.18539205179982,153.14634669368533,153.3245086669922,1360500,0.0,0.0
2023-03-03 00:00:00-05:00,153.9579713805909,154.8389184454925,152.08719547406542,154.561767578125,1315900,0.0,0.0
2023-03-06 00:00:00-05:00,153.9283027087017,155.28437871228044,153.0671563098595,154.86865234375,1143900,0.0,0.0
2023-03-07 00:00:00-05:00,155.21507810463237,155.54172347660673,151.5626067949817,151.65170288085938,1400200,0.0,0.0
2023-03-08 00:00:00-05:00,151.9090549513579,152.10701772687736,149.06825060849488,150.3154296875,1544500,0.0,0.0
2023-03-09 00:00:00-05:00,151.02809508635661,151.23595069694954,147.63297411196555,148.47433471679688,1381600,0.0,0.0
2023-03-10 00:00:00-05:00,148.73169053624346,151.11718189767006,147.5735924931637,148.0784149169922,1071800,0.0,0.0
2023-03-13 00:00:00-04:00,147.29644329125966,150.29562379451554,146.55407158048166,146.8609161376953,1363000,0.0,0.0
2023-03-14 00:00:00-04:00,147.84084068080446,149.04843311092833,145.97995757138278,147.77154541015625,1005500,0.0,0.0
2023-03-15 00:00:00-04:00,146.58375845246317,148.5535234044689,145.97996221818133,148.0883026123047,1404200,0.0,0.0
2023-03-16 00:00:00-04:00,147.77154172357672,150.97859262081982,147.55379327283305,150.50347900390625,1131000,0.0,0.0
2023-03-17 00:00:00-04:00,150.31542440289545,150.99840879247898,148.8702674955863,150.4738006591797,2946200,0.0,0.0
2023-03-20 00:00:00-04:00,151.35475519747632,152.839498689458,151.3151535796787,152.2950897216797,1031400,0.0,0.0
2023-03-21 00:00:00-04:00,153.10672819949409,154.94781057203403,152.92856624582433,154.45289611816406,1173100,0.0,0.0
2023-03-22 00:00:00-04:00,154.72013731908595,155.3140406405509,151.84963984037938,151.87933349609375,722100,0.0,0.0
2023-03-23 00:00:00-04:00,151.81997531037854,152.1070190718812,149.00884950021492,149.39488220214844,830600,0.0,0.0
2023-03-24 00:00:00-04:00,149.31569145869327,154.99729952056975,148.72178809375478,154.8191375732422,1179800,0.0,0.0
2023-03-27 00:00:00-04:00,155.88816438636934,156.82849885375592,154.50239481542877,155.09629821777344,814700,0.0,0.0
2023-03-28 00:00:00-04:00,155.13587271581446,156.93736848745147,155.13587271581446,156.39295959472656,852800,0.0,0.0
2023-03-29 00:00:00-04:00,156.99676462457774,157.61045371799497,156.0366293698885,157.3531036376953,638100,0.0,0.0
2023-03-30 00:00:00-04:00,157.95689420205454,158.0954696408646,156.3929627620037,157.71932983398438,495100,0.0,0.0
2023-03-31 00:00:00-04:00,158.68939234177955,159.36246881125828,157.29372982857046,158.4815216064453,1310300,0.0,0.0
2023-04-03 00:00:00-04:00,159.36244532533624,161.55986658717774,158.87742375009728,160.62942504882812,1024300,0.0,0.0
2023-04-04 00:00:00-04:00,160.45126218329267,161.46087673291973,159.38224521581438,161.31240844726562,847000,0.0,0.0
2023-04-05 00:00:00-04:00,162.3022562979313,166.21207768170225,161.99541173592576,165.65777587890625,1451300,0.0,0.0
2023-04-06 00:00:00-04:00,166.29127766005124,167.10294471740207,164.20273779482,164.65806579589844,870200,0.0,0.0
2023-04-10 00:00:00-04:00,164.1631360098513,165.75676121001032,164.1037335863374,164.687744140625,641400,0.0,0.0
2023-04-11 00:00:00-04:00,165.63797630756326,165.63797630756326,164.40069009437138,164.85601806640625,676500,0.0,0.0
2023-04-12 00:00:00-04:00,164.31159034274162,164.9549730586719,162.71796527804494,163.73748779296875,798100,0.0,0.0
2023-04-13 00:00:00-04:00,164.04433977709309,165.73695384589396,163.75729604095702,165.6775665283203,703600,0.0,0.0
2023-04-14 00:00:00-04:00,165.48950206562148,165.99430938519828,164.83621134363443,165.43011474609375,781800,0.0,0.0
2023-04-17 00:00:00-04:00,165.360814029807,165.69735223178458,164.30170495803276,165.6775665283203,724200,0.0,0.0
2023-04-18 00:00:00-04:00,165.78644825643786,166.29125555923582,164.5095605146688,165.70726013183594,730300,0.0,0.0
2023-04-19 00:00:00-04:00,165.7666464491322,165.8458345732563,162.31213816422192,162.8070526123047,1086500,0.0,0.0
2023-04-20 00:00:00-04:00,162.68828607845924,164.38090022076042,162.31214624603874,164.2720184326172,1223700,0.0,0.0
2023-04-21 00:00:00-04:00,165.30143773799816,166.11310474188468,164.09384518815182,165.0341796875,788200,0.0,0.0
2023-04-24 00:00:00-04:00,165.0836626951294,166.49912587566558,164.67782922136254,166.00421142578125,504200,0.0,0.0
2023-04-25 00:00:00-04:00,166.20217861918366,166.91485665431813,165.50930139157816,166.38034057617188,565200,0.0,0.0
2023-04-26 00:00:00-04:00,165.34100055248615,166.2219476040315,163.54941279288406,163.80677795410156,885700,0.0,0.0
2023-04-27 00:00:00-04:00,163.3118760010921,165.89533003981668,163.3118760010921,165.70726013183594,636600,0.0,0.0
2023-04-28 00:00:00-04:00,165.39050336564804,166.0833805585476,163.935453708764,165.1529541015625,988700,0.0,0.0
2023-05-01 00:00:00-04:00,165.47958429336316,165.70725580950148,163.1040010316325,165.0935516357422,1509300,0.0,0.0
2023-05-02 00:00:00-04:00,166.78617765357785,169.34983100273834,164.74713243830456,167.43946838378906,1776700,0.0,0.0
2023-05-03 00:00:00-04:00,167.97395203931836,168.89450071938313,164.5689383946561,165.19253540039062,1390500,0.0,0.0
2023-05-04 00:00:00-04:00,165.13316374794778,166.19227285908076,164.10373319311407,164.89559936523438,958400,0.0,0.0
2023-05-05 00:00:00-04:00,165.84584491227395,167.65723371761177,163.36136456171528,166.2813720703125,1012900,0.0,0.0
2023-05-08 00:00:00-04:00,165.84583953315473,167.16231381685714,165.08366703130793,166.49913024902344,750800,0.0,0.0
2023-05-09 00:00:00-04:00,167.7957984732359,171.87388868660793,166.42982976528143,166.53871154785156,1190400,0.0,0.0
2023-05-10 00:00:00-04:00,166.57830134466028,167.87498990943035,165.33112234991472,167.7760009765625,822900,0.0,0.0
2023-05-11 00:00:00-04:00,167.6817116916652,170.88802958310174,167.6817116916652,170.18324279785156,1165600,0.485,0.0
2023-05-12 00:00:00-04:00,170.57038038711445,170.61008049743228,168.42621090356988,169.73654174804688,2355300,0.0,0.0
2023-05-15 00:00:00-04:00,169.69681117676322,172.31745748228835,169.33944962842202,172.0692901611328,1810200,0.0,0.0
2023-05-16 00:00:00-04:00,172.10901058400802,173.49874156544635,171.6722336621469,173.320068359375,1374200,0.0,0.0
2023-05-17 00:00:00-04:00,173.69726131461448,174.06455923743073,171.98986899098495,173.50865173339844,1784200,0.0,0.0
2023-05-18 00:00:00-04:00,172.96270214393246,173.93551380475003,170.10380974830227,173.5384521484375,1648600,0.0,0.0
2023-05-19 00:00:00-04:00,173.8461770135751,175.32524455660968,171.83105957348175,172.11892700195312,1772100,0.0,0.0
2023-05-22 00:00:00-04:00,172.66491840228286,172.66491840228286,168.56518892037678,170.9873046875,1651900,0.0,0.0
2023-05-23 00:00:00-04:00,170.45124514449066,170.94757977404,168.4162701339521,170.00453186035156,1348700,0.0,0.0
2023-05-24 00:00:00-04:00,170.2527131886244,170.87809972035,169.41887457761163,169.80601501464844,1579000,0.0,0.0
2023-05-25 00:00:00-04:00,168.82328853699013,169.6769696617733,166.99676536817842,168.92254638671875,1914700,0.0,0.0
2023-05-26 00:00:00-04:00,168.66444955214007,169.99462281952262,166.9570570922128,167.17544555664062,1018300,0.0,0.0
2023-05-30 00:00:00-04:00,166.20261841411218,167.22508175772992,163.5323506436469,164.79302978515625,1639900,0.0,0.0
2023-05-31 00:00:00-04:00,162.75805434668547,169.55782951457712,162.172367986687,168.9026641845703,5084900,0.0,0.0
2023-06-01 00:00:00-04:00,169.31961741327697,171.99982161485394,168.93246182774965,171.32479858398438,1539500,0.0,0.0
2023-06-02 00:00:00-04:00,171.69208471459538,174.05462729256655,171.10639832983878,173.2406463623047,1865100,0.0,0.0
2023-06-05 00:00:00-04:00,173.6178453702903,174.36234730609246,172.41672406281066,173.40939331054688,1175200,0.0,0.0
2023-06-06 00:00:00-04:00,173.7469011935985,174.35243005444497,171.7516414129065,173.09173583984375,992900,0.0,0.0
2023-06-07 00:00:00-04:00,172.8237178721321,174.1241121314234,171.751633293108,172.30752563476562,1054800,0.0,0.0
2023-06-08 00:00:00-04:00,172.59540554090975,175.38480383742188,171.0170649965172,175.156494140625,1066000,0.0,0.0
2023-06-09 00:00:00-04:00,175.3252363406506,176.9631496749852,174.69986501929606,176.91351318359375,793800,0.0,0.0
2023-06-12 00:00:00-04:00,176.85396264586225,178.06502037980428,175.92085109870058,178.00546264648438,843600,0.0,0.0
2023-06-13 00:00:00-04:00,177.13192084945453,179.23637501982586,176.84403825630318,178.47201538085938,1273200,0.0,0.0
2023-06-14 00:00:00-04:00,177.8565574861345,178.9683422602596,175.86129763679975,177.73744201660156,1097100,0.0,0.0
2023-06-15 00:00:00-04:00,178.26356161788254,180.86435043762373,177.2411134110256,180.55662536621094,1154100,0.0,0.0
2023-06-16 00:00:00-04:00,179.87166705725818,182.09525165471226,179.20658047004412,181.66839599609375,2001100,0.0,0.0
2023-06-20 00:00:00-04:00,181.83714852402895,183.68351396109887,181.6683965667667,183.13755798339844,1414200,0.0,0.0
2023-06-21 00:00:00-04:00,184.11038135619697,185.42069699190037,183.6438255605858,184.46774291992188,1766700,0.0,0.0
2023-06-22 00:00:00-04:00,184.8350266256368,186.50271898013185,183.7530206888061,186.49278259277344,1690700,0.0,0.0
2023-06-23 00:00:00-04:00,186.8104427786526,187.36633517739165,185.48026951782242,186.29425048828125,2244500,0.0,0.0
2023-06-26 00:00:00-04:00,186.02622912829156,186.89978299860022,185.07327503971132,186.3835906982422,1555400,0.0,0.0
2023-06-27 00:00:00-04:00,183.68352935241305,187.71377962571327,182.3235771936846,187.3961181640625,1412700,0.0,0.0
2023-06-28 00:00:00-04:00,187.38620599543546,188.86527370042313,187.30679062617804,188.32923889160156,1062400,0.0,0.0
2023-06-29 00:00:00-04:00,188.09098271144137,190.35426759981286,187.77333639835467,189.1233673095703,809300,0.0,0.0
2023-06-30 00:00:00-04:00,189.8083055209266,192.02195384214912,188.6170902308091,191.01934814453125,1444300,0.0,0.0
2023-07-03 00:00:00-04:00,189.8380929828156,189.88771433304058,187.78326014657517,189.5204315185547,844300,0.0,0.0
2023-07-05 00:00:00-04:00,189.986976363395,190.4038956509782,188.55753015057746,189.2523956298828,1158100,0.0,0.0
2023-07-06 00:00:00-04:00,189.04394141884094,190.87044927145504,188.73621636341403,190.78111267089844,1526900,0.0,0.0
2023-07-07 00:00:00-04:00,190.04653245161538,191.5256151459141,189.05386316208285,189.4608612060547,1803700,0.0,0.0
2023-07-10 00:00:00-04:00,190.01676022985188,191.48590658859746,189.64947742689844,191.4164276123047,891200,0.0,0.0
2023-07-11 00:00:00-04:00,191.45613327605744,192.40910251963726,190.6917887799989,191.80357360839844,671300,0.0,0.0
2023-07-12 00:00:00-04:00,190.63220639474608,191.88297941129235,189.0638022243903,189.40130615234375,1288300,0.0,0.0
2023-07-13 00:00:00-04:00,189.50055792930456,191.39655987372058,189.50055792930456,189.87777709960938,1325300,0.0,0.0
2023-07-14 00:00:00-04:00,190.54288296469187,191.0987753896155,189.6197077190721,190.0167694091797,776300,0.0,0.0
2023-07-17 00:00:00-04:00,190.20537753743758,191.0094372991722,189.68918522675727,190.7314910888672,727200,0.0,0.0
2023-07-18 00:00:00-04:00,190.92008704128813,191.98223530895555,190.6520620908956,190.97964477539062,925400,0.0,0.0
2023-07-19 00:00:00-04:00,190.99951479435614,191.37671885045512,187.72370288380444,190.532958984375,1155700,0.0,0.0
2023-07-20 00:00:00-04:00,191.66458955578554,192.40909152804375,190.35425881408403,191.99217224121094,838900,0.0,0.0
2023-07-21 00:00:00-04:00,192.08150957827934,193.36204631081804,190.96972480913374,191.1781768798828,1284200,0.0,0.0
2023-07-24 00:00:00-04:00,191.58517979030142,192.13115094862388,189.53034701632376,190.04653930664062,1120600,0.0,0.0
2023-07-25 00:00:00-04:00,189.46087391848653,190.66201050406443,188.6667354041892,190.4833221435547,1186700,0.0,0.0
2023-07-26 00:00:00-04:00,189.51050798573772,190.12595813163387,185.50011535607783,186.33396911621094,1635700,0.0,0.0
2023-07-27 00:00:00-04:00,186.43321835470468,187.70383384385062,185.37107008270004,185.9567413330078,1409100,0.0,0.0
2023-07-28 00:00:00-04:00,186.641702038268,186.641702038268,184.51739015991035,185.19239807128906,1104800,0.0,0.0
2023-07-31 00:00:00-04:00,186.15527849353282,186.15527849353282,182.69085707427755,185.52989196777344,1527500,0.0,0.0
2023-08-01 00:00:00-04:00,186.13541989451028,187.94208533864045,185.510048518946,187.71377563476562,1528800,0.0,0.0
2023-08-02 00:00:00-04:00,186.5027085486315,191.27744534592708,185.5993758715942,190.02667236328125,1891000,0.0,0.0
2023-08-03 00:00:00-04:00,191.08884150020623,192.945128256333,189.31197010623083,189.9571990966797,1640900,0.0,0.0
2023-08-04 00:00:00-04:00,185.8177705516674,187.1280861643872,182.6511530294414,183.97140502929688,7742200,0.0,0.0
2023-08-07 00:00:00-04:00,184.88465181983835,186.21482500840622,183.86220368193145,185.2122344970703,4504300,0.0,0.0
2023-08-08 00:00:00-04:00,184.82508919125658,187.52515075001287,183.57431624824218,184.01109313964844,4106700,0.0,0.0
2023-08-09 00:00:00-04:00,184.6365002611602,185.4802752727395,183.4949365602539,184.3486328125,3870500,0.0,0.0
2023-08-10 00:00:00-04:00,184.53273520626945,187.9365516349991,184.14458110088603,186.1450653076172,4037400,0.485,0.0
2023-08-11 00:00:00-04:00,186.20480073537038,186.96121459893985,185.44840205839472,186.4834747314453,2478800,0.0,0.0
2023-08-14 00:00:00-04:00,187.19010106347716,187.91664281530404,186.10526204464384,186.7422332763672,2726700,0.0,0.0
2023-08-15 00:00:00-04:00,187.18015254592729,187.50857778402653,184.42325457134342,184.56259155273438,1470600,0.0,0.0
2023-08-16 00:00:00-04:00,185.0104651791045,185.4981522226693,182.41281372596356,183.1194610595703,2195000,0.0,0.0
2023-08-17 00:00:00-04:00,182.28342040088802,183.34836498954488,178.2625423275361,179.14833068847656,2302500,0.0,0.0
2023-08-18 00:00:00-04:00,178.92937088080646,180.8999982713994,178.6208400736511,179.5464324951172,1174600,0.0,0.0
2023-08-21 00:00:00-04:00,179.80522495498275,180.4720530798839,178.90947412278334,180.1237030029297,1030400,0.0,0.0
2023-08-22 00:00:00-04:00,179.91469838581799,180.19337236233494,177.0781769696935,177.1179962158203,1123400,0.0,0.0
2023-08-23 00:00:00-04:00,177.6952398906372,177.95401943255527,176.3118172162811,176.92889404296875,1488200,0.0,0.0
2023-08-24 00:00:00-04:00,176.9587521051429,178.8198994431656,176.9587521051429,177.92416381835938,1314800,0.0,0.0
2023-08-25 00:00:00-04:00,178.24262898013868,179.1582741621305,177.78481398243866,178.6307830810547,1192700,0.0,0.0
2023-08-28 00:00:00-04:00,178.89952773798157,179.8052257930091,178.8199044289754,179.5364990234375,904000,0.0,0.0
2023-08-29 00:00:00-04:00,180.07391999371603,180.07391999371603,178.3919290080736,179.12841796875,806100,0.0,0.0
2023-08-30 00:00:00-04:00,179.6360316766395,179.79526310781054,177.18766428494075,178.0535430908203,720500,0.0,0.0
2023-08-31 00:00:00-04:00,178.6407564349377,178.6407564349377,174.8487705254493,175.14735412597656,1682900,0.0,0.0
2023-09-01 00:00:00-04:00,175.68480335053312,176.24215129171301,173.39568271789364,174.13218688964844,1585900,0.0,0.0
2023-09-05 00:00:00-04:00,174.17198978075078,174.17198978075078,171.504677455387,172.05206298828125,1609900,0.0,0.0
2023-09-06 00:00:00-04:00,172.10183171502464,174.36109552157274,170.8378364346009,173.8435516357422,1596600,0.0,0.0
2023-09-07 00:00:00-04:00,175.28669377808058,177.58576171986604,174.99807257802752,177.33694458007812,1694100,0.0,0.0
2023-09-08 00:00:00-04:00,176.77959910386588,178.65070888110483,176.28196481728898,176.85922241210938,1188500,0.0,0.0
2023-09-11 00:00:00-04:00,177.49619831520747,178.15307923538296,176.42130640580945,176.8890838623047,1045200,0.0,0.0
2023-09-12 00:00:00-04:00,175.9535222660403,178.182929310474,171.5942562945308,177.63552856445312,1024500,0.0,0.0
2023-09-13 00:00:00-04:00,177.89430748704365,178.14312462649184,175.16726617151815,175.85400390625,727600,0.0,0.0
2023-09-14 00:00:00-04:00,176.52083239809235,177.35685434365806,174.66963226914368,176.152587890625,776900,0.0,0.0
2023-09-15 00:00:00-04:00,175.22696666820784,178.09334475864776,174.81890294543985,177.4464111328125,3887300,0.0,0.0
2023-09-18 00:00:00-04:00,177.67534088399367,178.25259844941868,176.16252847758994,178.18292236328125,1105100,0.0,0.0
2023-09-19 00:00:00-04:00,179.6658803867756,180.123695408884,177.60566722750983,178.8895721435547,1120100,0.0,0.0
2023-09-20 00:00:00-04:00,179.61610857158718,183.23888532755365,178.84974756938496,181.91517639160156,1654600,0.0,0.0
2023-09-21 00:00:00-04:00,183.25880523401344,185.09009574384316,181.15878796011958,184.0550079345703,1810500,0.0,0.0
2023-09-22 00:00:00-04:00,183.3085607811703,186.05551179647037,183.01993957348688,185.0701904296875,1085500,0.0,0.0
2023-09-25 00:00:00-04:00,184.1246853007217,186.90147792666943,183.63699823464356,186.3341827392578,937800,0.0,0.0
2023-09-26 00:00:00-04:00,186.24460278031867,186.9114308655149,184.2341561201231,184.8910369873047,1013600,0.0,0.0
2023-09-27 00:00:00-04:00,184.8711403694842,185.3687746638839,182.45264498826657,184.283935546875,782400,0.0,0.0
2023-09-28 00:00:00-04:00,184.70192826161,184.70192826161,181.78578368785566,181.9947967529297,1045800,0.0,0.0
2023-09-29 00:00:00-04:00,181.99481003666108,182.19386071194137,178.48151322421748,179.1184844970703,1259500,0.0,0.0
2023-10-02 00:00:00-04:00,179.11846961441688,180.01420517204966,177.36680255626294,178.23268127441406,1202700,0.0,0.0
2023-10-03 00:00:00-04:00,177.8345799211377,180.13366306323925,177.61563480848304,179.4170684814453,810800,0.0,0.0
2023-10-04 00:00:00-04:00,179.53648212728285,182.16399033083823,179.2478609475668,181.79574584960938,1025800,0.0,0.0
2023-10-05 00:00:00-04:00,182.7412478378705,185.00051155971497,182.20380953601355,184.1644744873047,1432500,0.0,0.0
2023-10-06 00:00:00-04:00,183.85594374138748,184.1744369474674,181.9848493087397,182.98011779785156,1020500,0.0,0.0
2023-10-09 00:00:00-04:00,182.7313096451232,185.7967233778557,181.75593554357016,185.30905151367188,891900,0.0,0.0
2023-10-10 00:00:00-04:00,184.2043019872935,188.08584319298453,184.2043019872935,187.08062744140625,1290400,0.0,0.0
2023-10-11 00:00:00-04:00,186.8417514953018,187.4488658885536,184.16447679697157,187.1403350830078,1166100,0.0,0.0
2023-10-12 00:00:00-04:00,187.50860047753847,188.06596365714998,186.24462027429968,186.6825408935547,1114000,0.0,0.0
2023-10-13 00:00:00-04:00,187.54840761345085,189.32993163225552,186.41380207620378,188.08584594726562,1039600,0.0,0.0
2023-10-16 00:00:00-04:00,188.58347451157172,188.8621484816447,185.8763429280694,185.9758758544922,1228000,0.0,0.0
2023-10-17 00:00:00-04:00,185.80668123083385,187.90669840195957,185.29908456948698,186.56307983398438,1046900,0.0,0.0
2023-10-18 00:00:00-04:00,187.69768799711258,189.14082432498176,186.81189961490935,188.6531524658203,1149700,0.0,0.0
2023-10-19 00:00:00-04:00,188.7228198668731,190.11620496563,187.12043687458817,188.99154663085938,1195800,0.0,0.0
2023-10-20 00:00:00-04:00,189.66832959399318,189.66832959399318,187.1403390427299,187.85693359375,1122400,0.0,0.0
2023-10-23 00:00:00-04:00,186.60289629887328,188.284887305033,186.12515648512428,187.92660522460938,987200,0.0,0.0
2023-10-24 00:00:00-04:00,188.01618965217935,189.47923566849832,187.28963265999835,188.11570739746094,964100,0.0,0.0
2023-10-25 00:00:00-04:00,189.240352072926,190.5541137831177,187.51854181934937,188.2251739501953,1099500,0.0,0.0
2023-10-26 00:00:00-04:00,187.4787341567537,189.56880421150757,187.0010094992588,187.70765686035156,1144100,0.0,0.0
2023-10-27 00:00:00-04:00,187.1801706555412,188.01619262477175,186.0555122912662,186.752197265625,922700,0.0,0.0
2023-10-30 00:00:00-04:00,187.1104872591048,187.1104872591048,182.8606863015589,184.53274536132812,1276700,0.0,0.0
2023-10-31 00:00:00-04:00,184.98060361438885,185.26922479665942,181.88531797866983,184.27395629882812,1725800,0.0,0.0
2023-11-01 00:00:00-04:00,184.27395591734302,187.83701895459382,184.07490525550725,186.3441162109375,1588000,0.0,0.0
2023-11-02 00:00:00-04:00,185.21948664536586,193.08210226072728,183.12941657718466,191.2707061767578,2572700,0.0,0.0
2023-11-03 00:00:00-04:00,193.9181263189466,198.0385376292094,192.79348315137813,194.24656677246094,1568600,0.0,0.0
2023-11-06 00:00:00-05:00,195.22192931762999,197.98877480364823,192.9129140685457,195.948486328125,1423000,0.0,0.0
2023-11-07 00:00:00-05:00,197.6503691702157,197.6503691702157,194.88352393554496,195.14230346679688,1141000,0.0,0.0
2023-11-08 00:00:00-05:00,196.02809573251767,197.11293478201327,195.11243532360473,195.85888671875,893500,0.0,0.0
2023-11-09 00:00:00-05:00,195.81908733962456,197.29208054233482,194.2863804537304,195.88876342773438,882500,0.0,0.0
2023-11-10 00:00:00-05:00,195.3299552176144,198.55301994718423,194.88092388301308,197.14605712890625,2681700,0.51,0.0
2023-11-13 00:00:00-05:00,197.17598873896438,199.23156587899132,196.20806898257555,198.44325256347656,2986100,0.0,0.0
2023-11-14 00:00:00-05:00,197.20592573639195,198.03414652985444,193.58371020405343,193.95291137695312,3241100,0.0,0.0
2023-11-15 00:00:00-05:00,193.54380699238004,195.3698667762597,190.6999164369437,192.80538940429688,2737200,0.0,0.0
2023-11-16 00:00:00-05:00,194.16247044048444,196.66707898017626,193.8132153829845,196.4874725341797,1207500,0.0,0.0
2023-11-17 00:00:00-05:00,196.78682258691137,197.6050550680679,194.07265809508974,194.58155822753906,1261200,0.0,0.0
2023-11-20 00:00:00-05:00,194.1425028959204,195.93864342878257,194.1425028959204,195.51954650878906,804800,0.0,0.0
2023-11-21 00:00:00-05:00,197.43543104571737,199.23157163659542,196.93650394969825,198.40335083007812,1215000,0.0,0.0
2023-11-22 00:00:00-05:00,198.93220520764734,200.1196540898036,197.92437799116783,199.2515106201172,999100,0.0,0.0
2023-11-24 00:00:00-05:00,200.73831608128796,201.04764842939068,199.0519401437774,200.8680419921875,552900,0.0,0.0
2023-11-27 00:00:00-05:00,201.7860736565725,203.31278933509097,200.32919985316494,201.34701538085938,1139100,0.0,0.0
2023-11-28 00:00:00-05:00,201.56653684694297,202.93359215025342,200.35912663468676,200.8680419921875,1224200,0.0,0.0
2023-11-29 00:00:00-05:00,200.26933381006535,200.92792123274944,198.57298472446269,199.0918731689453,1664900,0.0,0.0
2023-11-30 00:00:00-05:00,198.962138493615,203.21299169410472,198.92223102704833,202.93359375,6174500,0.0,0.0
2023-12-01 00:00:00-05:00,203.0533504668356,205.38832556960438,202.0355349504827,203.6520538330078,1254700,0.0,0.0
2023-12-04 00:00:00-05:00,203.86160366796187,204.50022970795854,202.24506960887206,203.32275390625,1246800,0.0,0.0
2023-12-05 00:00:00-05:00,203.6420864804894,204.1310405187074,202.07544808169993,203.29283142089844,981300,0.0,0.0
2023-12-06 00:00:00-05:00,202.67416176077438,202.9934671787064,198.28360948839628,200.23939514160156,1550400,0.0,0.0
2023-12-07 00:00:00-05:00,200.34916448263502,200.9578561519291,199.01204351272565,199.7803955078125,1130800,0.0,0.0
2023-12-08 00:00:00-05:00,200.06975993141072,201.48671101751512,199.12180152058585,201.31707763671875,1441800,0.0,0.0
2023-12-11 00:00:00-05:00,202.0355291819482,202.9435801046692,200.8381072577464,202.4147186279297,804800,0.0,0.0
2023-12-12 00:00:00-05:00,201.71621902651364,204.53017515930367,201.66633849770045,203.51235961914062,831500,0.0,0.0
2023-12-13 00:00:00-05:00,203.48241996109485,205.27856050737705,202.31493241252298,203.28285217285156,1298600,0.0,0.0
2023-12-14 00:00:00-05:00,199.2515098285947,201.37694404539062,195.40978047775482,201.06761169433594,3627700,0.0,0.0
2023-12-15 00:00:00-05:00,198.71268230619495,200.18950224052446,196.20807377673893,199.90013122558594,3210000,0.0,0.0
2023-12-18 00:00:00-05:00,201.32704674979132,201.36696944216433,198.94217595304167,199.64068603515625,1076800,0.0,0.0
2023-12-19 00:00:00-05:00,199.640694221559,201.62641430623384,199.32137357366454,201.44680786132812,1010000,0.0,0.0
2023-12-20 00:00:00-05:00,202.2550686414732,202.65420422791144,199.32137488040763,199.3612823486328,1141300,0.0,0.0
2023-12-21 00:00:00-05:00,200.1595650878859,202.24507665708094,199.39122833673807,201.83596801757812,765000,0.0,0.0
2023-12-22 00:00:00-05:00,202.54444026649023,203.34272666781263,201.82598402790475,202.60430908203125,642500,0.0,0.0
2023-12-26 00:00:00-05:00,202.26503714621307,204.1609692042074,201.9956122571101,203.6520538330078,734000,0.0,0.0
2023-12-27 00:00:00-05:00,203.2229791009963,203.85161685948898,202.83381659295952,203.791748046875,799000,0.0,0.0
2023-12-28 00:00:00-05:00,204.55012593874875,204.99915725719544,202.7938929051142,203.0533447265625,775500,0.0,0.0
2023-12-29 00:00:00-05:00,203.8416548263223,205.0889725767409,203.15313299192377,204.93930053710938,1086400,0.0,0.0
2024-01-02 00:00:00-05:00,204.56010177014105,208.25215909834415,204.0911090992185,208.09249877929688,1248000,0.0,0.0
2024-01-03 00:00:00-05:00,210.83660888113184,212.373312887836,208.9107575684476,209.87867736816406,1140400,0.0,0.0
2024-01-04 00:00:00-05:00,208.38189322093527,211.0461620925669,207.1844712329953,210.2179412841797,1139900,0.0,0.0
2024-01-05 00:00:00-05:00,211.1259927644041,211.6548542705701,209.86870195794194,210.90646362304688,1075500,0.0,0.0
2024-01-08 00:00:00-05:00,211.5450771802559,211.99410849698597,208.13241785664331,209.92855834960938,1138600,0.0,0.0
2024-01-09 00:00:00-05:00,210.118162755723,213.22147464981137,208.87084502618399,213.16160583496094,1254600,0.0,0.0
2024-01-10 00:00:00-05:00,213.56075631478927,215.70613671587014,212.55291384620583,215.66622924804688,1605200,0.0,0.0
2024-01-11 00:00:00-05:00,216.53435384779655,218.94915910044827,216.16515267900837,218.460205078125,1463700,0.0,0.0
2024-01-12 00:00:00-05:00,218.9192294948678,219.6476587881446,217.82158379865905,218.95913696289062,1309300,0.0,0.0
2024-01-16 00:00:00-05:00,219.23854296354017,220.2663315244925,217.56214006659766,218.53005981445312,1352400,0.0,0.0
2024-01-17 00:00:00-05:00,218.53006314840346,220.65549740204466,217.76171117449738,218.24069213867188,2151700,0.0,0.0
2024-01-18 00:00:00-05:00,218.14090828690345,220.62557073785112,216.43457089749663,220.31622314453125,1045400,0.0,0.0
2024-01-19 00:00:00-05:00,220.53575271085506,220.835112018033,217.59208584670702,217.81161499023438,1401100,0.0,0.0
2024-01-22 00:00:00-05:00,217.8116016387846,219.39818607571198,217.492296229802,217.69186401367188,1175100,0.0,0.0
2024-01-23 00:00:00-05:00,216.7439117796389,218.2706274473923,215.9955211493266,217.38253784179688,890900,0.0,0.0
2024-01-24 00:00:00-05:00,218.0111741492764,218.35045613786153,216.65409187307463,216.91354370117188,977100,0.0,0.0
2024-01-25 00:00:00-05:00,217.65195087020348,218.43027591967515,214.83800997427826,218.3704071044922,1063900,0.0,0.0
2024-01-26 00:00:00-05:00,218.70967189521434,219.3283518406145,216.70399047450385,217.212890625,972800,0.0,0.0
2024-01-29 00:00:00-05:00,217.49230196107695,217.98124076053554,216.3447605280053,217.9712677001953,916400,0.0,0.0
2024-01-30 00:00:00-05:00,219.5179434040585,220.33617590242702,217.47233931906794,220.05677795410156,1529900,0.0,0.0
2024-01-31 00:00:00-05:00,227.51074450144523,234.5555923116823,227.51074450144523,232.18069458007812,3511700,0.0,0.0
2024-02-01 00:00:00-05:00,232.15076430711835,236.52137040163757,228.11944019890169,236.41160583496094,2071900,0.0,0.0
2024-02-02 00:00:00-05:00,236.72094720942127,236.9604376984002,233.66751579866167,234.4857635498047,1267200,0.0,0.0
2024-02-05 00:00:00-05:00,236.82072806493866,237.15999482285991,233.0488405829889,233.70742797851562,1209800,0.0,0.0
2024-02-06 00:00:00-05:00,235.84284296823955,236.920512090275,232.73951584051767,234.50570678710938,2251000,0.0,0.0
2024-02-07 00:00:00-05:00,235.41375882849067,238.86634102756304,235.1343608731954,237.16000366210938,1662200,0.0,0.0
2024-02-08 00:00:00-05:00,233.5,233.9499969482422,228.32000732421875,230.32000732421875,2744900,0.51,0.0
2024-02-09 00:00:00-05:00,230.67999267578125,231.64999389648438,228.77000427246094,230.69000244140625,1590400,0.0,0.0
2024-02-12 00:00:00-05:00,229.8800048828125,231.14999389648438,228.41000366210938,229.97999572753906,1282800,0.0,0.0
2024-02-13 00:00:00-05:00,231.91000366210938,232.0399932861328,229.38999938964844,231.19000244140625,1462700,0.0,0.0
2024-02-14 00:00:00-05:00,231.19000244140625,231.97000122070312,229.64999389648438,231.5800018310547,1197400,0.0,0.0
2024-02-15 00:00:00-05:00,232.0,234.63999938964844,231.83999633789062,233.0800018310547,1119900,0.0,0.0
2024-02-16 00:00:00-05:00,233.8000030517578,234.16000366210938,231.1199951171875,231.72000122070312,1076500,0.0,0.0
2024-02-20 00:00:00-05:00,231.72000122070312,234.4600067138672,231.24000549316406,232.36000061035156,1547600,0.0,0.0
2024-02-21 00:00:00-05:00,233.9199981689453,234.35000610351562,232.08999633789062,233.47000122070312,1109700,0.0,0.0
2024-02-22 00:00:00-05:00,233.2100067138672,236.52000427246094,232.8300018310547,234.39999389648438,1269200,0.0,0.0
2024-02-23 00:00:00-05:00,235.33999633789062,238.07000732421875,234.49000549316406,237.27000427246094,975200,0.0,0.0
2024-02-26 00:00:00-05:00,239.0399932861328,239.86000061035156,237.61000061035156,238.33999633789062,1553500,0.0,0.0
2024-02-27 00:00:00-05:00,237.25999450683594,237.77000427246094,234.77999877929688,236.50999450683594,1222100,0.0,0.0
2024-02-28 00:00:00-05:00,236.94000244140625,236.94000244140625,233.8800048828125,236.1300048828125,1065400,0.0,0.0
2024-02-29 00:00:00-05:00,236.0800018310547,236.61000061035156,234.72000122070312,235.60000610351562,1646200,0.0,0.0
2024-03-01 00:00:00-05:00,236.75999450683594,238.61000061035156,235.3300018310547,237.02999877929688,1169800,0.0,0.0
2024-03-04 00:00:00-05:00,237.47999572753906,240.44000244140625,235.67999267578125,235.8000030517578,1326000,0.0,0.0
2024-03-05 00:00:00-05:00,236.22000122070312,236.4499969482422,234.44000244140625,235.30999755859375,1422500,0.0,0.0
2024-03-06 00:00:00-05:00,235.5399932861328,236.5399932861328,234.5399932861328,234.67999267578125,1209000,0.0,0.0
2024-03-07 00:00:00-05:00,236.11000061035156,238.30999755859375,234.69000244140625,237.6300048828125,1341600,0.0,0.0
2024-03-08 00:00:00-05:00,237.2899932861328,238.4199981689453,236.6999969482422,237.47000122070312,877400,0.0,0.0
2024-03-11 00:00:00-04:00,236.63999938964844,238.1999969482422,236.57000732421875,237.67999267578125,849000,0.0,0.0
2024-03-12 00:00:00-04:00,237.66000366210938,238.1999969482422,236.17999267578125,237.44000244140625,666600,0.0,0.0
2024-03-13 00:00:00-04:00,238.49000549316406,239.0399932861328,234.22999572753906,234.77000427246094,1447400,0.0,0.0
2024-03-14 00:00:00-04:00,235.92999267578125,237.89999389648438,234.99000549316406,237.67999267578125,1280200,0.0,0.0
2024-03-15 00:00:00-04:00,235.25999450683594,238.33999633789062,234.38999938964844,238.22999572753906,2150200,0.0,0.0
2024-03-18 00:00:00-04:00,238.1199951171875,240.86000061035156,237.33999633789062,239.30999755859375,1122400,0.0,0.0
2024-03-19 00:00:00-04:00,240.2100067138672,242.60000610351562,239.25,242.35000610351562,1165700,0.0,0.0
2024-03-20 00:00:00-04:00,242.52000427246094,243.8300018310547,241.75999450683594,241.8699951171875,967400,0.0,0.0
2024-03-21 00:00:00-04:00,241.89999389648438,243.63999938964844,240.3300018310547,242.3300018310547,801300,0.0,0.0
2024-03-22 00:00:00-04:00,242.9199981689453,243.58999633789062,241.97999572753906,242.5,720800,0.0,0.0
2024-03-25 00:00:00-04:00,242.5,243.30999755859375,241.6300048828125,242.05999755859375,703300,0.0,0.0
2024-03-26 00:00:00-04:00,242.05999755859375,244.05999755859375,241.60000610351562,242.8000030517578,829200,0.0,0.0
2024-03-27 00:00:00-04:00,243.97999572753906,244.67999267578125,242.86000061035156,244.63999938964844,674300,0.0,0.0
2024-03-28 00:00:00-04:00,244.63999938964844,244.63999938964844,239.7899932861328,242.99000549316406,1574300,0.0,0.0
2024-04-01 00:00:00-04:00,242.3800048828125,243.33999633789062,240.25,243.0,635000,0.0,0.0
2024-04-02 00:00:00-04:00,242.5,244.52000427246094,241.6699981689453,243.08999633789062,961400,0.0,0.0
2024-04-03 00:00:00-04:00,243.74000549316406,246.75,242.41000366210938,245.8000030517578,1125200,0.0,0.0
2024-04-04 00:00:00-04:00,246.64999389648438,246.64999389648438,241.89999389648438,242.0399932861328,1026900,0.0,0.0
2024-04-05 00:00:00-04:00,242.72000122070312,243.82000732421875,241.8800048828125,243.22000122070312,744600,0.0,0.0
2024-04-08 00:00:00-04:00,242.1999969482422,242.75,240.35000610351562,240.36000061035156,813200,0.0,0.0
2024-04-09 00:00:00-04:00,241.22000122070312,241.22000122070312,236.80999755859375,238.57000732421875,807600,0.0,0.0
2024-04-10 00:00:00-04:00,238.2899932861328,240.42999267578125,237.6199951171875,237.8000030517578,712200,0.0,0.0
2024-04-11 00:00:00-04:00,238.44000244140625,238.44000244140625,235.27000427246094,235.63999938964844,810700,0.0,0.0
2024-04-12 00:00:00-04:00,235.0,236.24000549316406,233.10000610351562,234.0,822300,0.0,0.0
2024-04-15 00:00:00-04:00,236.35000610351562,236.82000732421875,234.1699981689453,234.2100067138672,986000,0.0,0.0
2024-04-16 00:00:00-04:00,237.47999572753906,239.77000427246094,236.6199951171875,238.25999450683594,1981500,0.0,0.0
